1,Soda,Beverages,132.38,2024-06-29,2024-09-11,2024-11-28,200
2,Pork Chop,Meat & Seafood,127.71,2024-09-13,2025-05-10,2024-11-28,477
3,Yogurt,Dairy & Eggs,133.46,2024-04-29,2024-06-19,2024-11-28,947
4,Laundry Detergent,Household Supplies,127.14,2024-11-20,2025-07-06,2024-11-28,283
5,Chicken Breast,Meat & Seafood,135.38,2024-09-23,2025-08-16,2024-11-28,420
6,Orange Juice,Beverages,121.03,2024-11-19,2025-02-16,2024-11-28,436
7,Ground Beef,Meat & Seafood,110.68,2024-10-08,2024-12-31,2024-11-28,707
8,Deodorant,Personal Care,121.87,2024-08-22,2025-08-04,2024-11-28,851
9,Popcorn,Snacks,108.73,2024-08-03,2024-11-21,2024-11-28,802
10,Potato,Fruits & Vegetables,120.70,2024-07-02,2025-06-10,2024-11-28,369
11,Potato,Fruits & Vegetables,148.46,2023-12-07,2024-09-27,2024-11-28,742
12,Cake,Bakery,101.21,2024-02-29,2025-01-21,2024-11-28,436
13,Paper Towels,Household Supplies,129.44,2023-12-13,2024-11-21,2024-11-28,204
14,Salmon Fillet,Meat & Seafood,106.26,2024-02-13,2024-12-08,2024-11-28,951
15,Yogurt,Dairy & Eggs,104.32,2024-05-31,2025-05-19,2024-11-28,373
16,Granola Bar,Snacks,115.87,2024-10-22,2025-08-30,2024-11-28,664
17,Cheese,Dairy & Eggs,149.31,2024-09-05,2024-12-28,2024-11-28,593
18,Cake,Bakery,139.69,2024-10-31,2025-09-26,2024-11-28,437
19,Bottled Water,Beverages,147.40,2024-09-16,2025-02-03,2024-11-28,404
20,Milk,Dairy & Eggs,112.12,2024-11-12,2025-04-20,2024-11-28,546
21,Cheese,Dairy & Eggs,138.68,2024-07-01,2025-06-15,2024-11-28,71
22,Dish Soap,Household Supplies,119.46,2024-03-26,2024-05-21,2024-11-28,962
23,Toothpaste,Personal Care,129.82,2024-01-02,2024-09-08,2024-11-28,102
24,Salmon Fillet,Meat & Seafood,104.06,2024-06-06,2024-11-02,2024-11-28,731
25,Carrot,Fruits & Vegetables,116.96,2024-09-21,2025-02-27,2024-11-28,599
26,Bagel,Bakery,142.24,2024-03-23,2025-02-22,2024-11-28,739
27,Laundry Detergent,Household Supplies,123.65,2024-10-15,2025-07-29,2024-11-28,278
28,Dish Soap,Household Supplies,142.46,2024-11-14,2025-10-31,2024-11-28,402
29,Cheese,Dairy & Eggs,101.51,2024-08-16,2025-05-17,2024-11-28,643
30,Apple,Fruits & Vegetables,138.87,2024-02-15,2025-02-07,2024-11-28,765
31,Croissant,Bakery,121.87,2024-07-14,2025-04-20,2024-11-28,798
32,Lettuce,Fruits & Vegetables,121.70,2024-08-26,2025-08-01,2024-11-28,438
33,Orange Juice,Beverages,130.93,2024-08-13,2025-01-07,2024-11-28,607
34,Carrot,Fruits & Vegetables,109.76,2024-01-05,2024-12-21,2024-11-28,727
35,Orange Juice,Beverages,110.32,2024-09-20,2025-07-20,2024-11-28,73
36,Shrimp,Meat & Seafood,124.68,2024-11-28,2025-01-06,2024-11-28,496
37,Granola Bar,Snacks,103.34,2024-09-15,2025-07-11,2024-11-28,620
38,Eggs,Dairy & Eggs,108.34,2024-07-31,2024-09-14,2024-11-28,277
39,Cake,Bakery,119.26,2024-08-21,2025-02-03,2024-11-28,237
40,Chips,Snacks,115.32,2024-03-02,2024-12-01,2024-11-28,382
41,Croissant,Bakery,146.15,2024-10-24,2025-01-01,2024-11-28,391
42,Milk,Dairy & Eggs,129.40,2024-08-14,2025-06-14,2024-11-28,625
43,Bottled Water,Beverages,135.43,2024-04-29,2024-11-06,2024-11-28,766
44,Bread Loaf,Bakery,147.87,2024-03-22,2024-04-30,2024-11-28,855
45,Shampoo,Personal Care,149.80,2024-05-14,2024-09-08,2024-11-28,270
46,Coffee,Beverages,125.31,2024-08-11,2025-06-28,2024-11-28,759
47,Orange Juice,Beverages,114.06,2024-03-04,2024-07-05,2024-11-28,709
48,Bread Loaf,Bakery,134.21,2024-06-29,2025-06-14,2024-11-28,409
49,Cheese,Dairy & Eggs,129.93,2024-04-16,2024-10-11,2024-11-28,426
50,Chips,Snacks,117.26,2024-05-08,2024-10-29,2024-11-28,634
51,Deodorant,Personal Care,119.21,2024-06-09,2025-05-14,2024-11-28,923
52,Yogurt,Dairy & Eggs,103.51,2024-09-01,2024-10-02,2024-11-28,100
53,Yogurt,Dairy & Eggs,132.97,2024-03-21,2024-08-14,2024-11-28,819
54,Tea,Beverages,137.59,2024-11-03,2025-01-30,2024-11-28,518
55,Croissant,Bakery,112.40,2024-03-21,2025-03-14,2024-11-28,11
56,Soda,Beverages,139.96,2024-04-26,2025-01-29,2024-11-28,262
57,Coffee,Beverages,142.19,2024-05-11,2024-08-11,2024-11-28,642
58,Orange Juice,Beverages,103.45,2024-01-13,2024-07-12,2024-11-28,674
59,Cake,Bakery,143.11,2024-09-24,2025-08-18,2024-11-28,866
60,Muffin,Bakery,110.89,2024-03-14,2025-03-02,2024-11-28,41
61,Soap,Personal Care,124.79,2024-03-04,2025-01-06,2024-11-28,567
62,Ground Beef,Meat & Seafood,133.25,2024-03-29,2024-09-06,2024-11-28,378
63,Banana,Fruits & Vegetables,114.18,2024-02-27,2024-07-22,2024-11-28,562
64,Cake,Bakery,132.25,2024-11-21,2025-03-28,2024-11-28,590
65,Yogurt,Dairy & Eggs,128.84,2024-11-26,2025-08-17,2024-11-28,103
66,Pork Chop,Meat & Seafood,135.12,2024-02-02,2024-11-06,2024-11-28,194
67,Croissant,Bakery,133.30,2024-02-18,2025-01-21,2024-11-28,617
68,Bagel,Bakery,124.07,2024-03-04,2024-07-30,2024-11-28,720
69,Toothpaste,Personal Care,112.71,2024-03-17,2024-07-03,2024-11-28,521
70,Coffee,Beverages,148.90,2024-02-27,2024-12-17,2024-11-28,564
71,Orange Juice,Beverages,121.25,2023-12-25,2024-03-01,2024-11-28,377
72,Carrot,Fruits & Vegetables,141.53,2024-02-22,2024-05-17,2024-11-28,591
73,Granola Bar,Snacks,100.95,2024-06-19,2025-06-10,2024-11-28,944
74,Coffee,Beverages,122.93,2024-03-23,2024-10-15,2024-11-28,392
75,Laundry Detergent,Household Supplies,146.78,2024-01-28,2024-05-24,2024-11-28,539
76,Coffee,Beverages,118.84,2024-03-22,2024-08-18,2024-11-28,150
77,Deodorant,Personal Care,147.96,2024-05-05,2024-08-22,2024-11-28,502
78,Muffin,Bakery,122.68,2024-05-04,2024-12-20,2024-11-28,328
79,Pork Chop,Meat & Seafood,110.23,2024-02-25,2024-09-24,2024-11-28,404
80,Shampoo,Personal Care,115.37,2024-09-28,2025-09-12,2024-11-28,938
81,Croissant,Bakery,111.65,2024-06-01,2025-02-01,2024-11-28,890
82,Muffin,Bakery,138.40,2024-05-02,2024-06-23,2024-11-28,951
83,Muffin,Bakery,137.86,2024-02-13,2024-10-16,2024-11-28,448
84,Carrot,Fruits & Vegetables,141.90,2024-04-28,2024-08-21,2024-11-28,529
85,Bottled Water,Beverages,121.25,2024-08-08,2024-10-27,2024-11-28,188
86,Tomato,Fruits & Vegetables,146.00,2024-09-07,2024-11-30,2024-11-28,110
87,Bread Loaf,Bakery,113.42,2024-11-23,2025-02-09,2024-11-28,636
88,Cookies,Snacks,115.25,2024-05-23,2025-03-13,2024-11-28,343
89,Soap,Personal Care,118.25,2024-05-09,2025-03-04,2024-11-28,978
90,Dish Soap,Household Supplies,140.09,2024-08-30,2025-05-23,2024-11-28,324
91,Yogurt,Dairy & Eggs,144.96,2023-12-31,2024-12-11,2024-11-28,539
92,Potato,Fruits & Vegetables,148.34,2024-07-15,2025-03-08,2024-11-28,522
93,Soda,Beverages,106.68,2024-03-25,2025-01-22,2024-11-28,808
94,Yogurt,Dairy & Eggs,143.75,2024-03-16,2024-07-27,2024-11-28,710
95,Yogurt,Dairy & Eggs,142.13,2024-08-31,2025-06-03,2024-11-28,788
96,Orange Juice,Beverages,115.35,2024-11-07,2025-03-25,2024-11-28,64
97,Ground Beef,Meat & Seafood,102.95,2024-09-11,2024-12-02,2024-11-28,80
98,Yogurt,Dairy & Eggs,117.71,2024-06-03,2025-05-23,2024-11-28,317
99,Laundry Detergent,Household Supplies,107.98,2024-03-31,2024-09-08,2024-11-28,546
100,Pork Chop,Meat & Seafood,142.34,2024-07-18,2024-09-29,2024-11-28,269
101,Deodorant,Personal Care,149.50,2024-02-27,2025-01-30,2024-11-28,139
102,Banana,Fruits & Vegetables,148.75,2024-09-12,2025-04-21,2024-11-28,686
103,Banana,Fruits & Vegetables,142.44,2024-04-25,2025-01-29,2024-11-28,948
104,Banana,Fruits & Vegetables,130.03,2024-02-16,2024-10-03,2024-11-28,553
105,Tomato,Fruits & Vegetables,115.21,2024-05-15,2025-01-22,2024-11-28,67
106,Tomato,Fruits & Vegetables,109.26,2024-03-02,2024-06-08,2024-11-28,270
107,Butter,Dairy & Eggs,110.18,2024-01-16,2024-12-12,2024-11-28,154
108,Butter,Dairy & Eggs,129.87,2024-04-05,2024-09-14,2024-11-28,239
109,Ground Beef,Meat & Seafood,144.37,2024-08-21,2024-11-04,2024-11-28,966
110,Carrot,Fruits & Vegetables,131.46,2024-09-03,2024-10-15,2024-11-28,5
111,Tea,Beverages,101.20,2024-09-09,2025-08-21,2024-11-28,676
112,Granola Bar,Snacks,137.77,2024-11-07,2024-12-28,2024-11-28,17
113,Soap,Personal Care,106.87,2024-01-29,2024-07-24,2024-11-28,286
114,Deodorant,Personal Care,111.76,2023-11-30,2024-01-24,2024-11-28,434
115,Butter,Dairy & Eggs,113.23,2024-03-15,2024-05-25,2024-11-28,740
116,Shampoo,Personal Care,104.98,2024-03-28,2024-08-27,2024-11-28,919
117,Popcorn,Snacks,113.96,2024-08-16,2025-07-24,2024-11-28,843
118,Yogurt,Dairy & Eggs,113.46,2024-08-25,2025-01-19,2024-11-28,656
119,Candy Bar,Snacks,133.40,2024-10-30,2025-02-02,2024-11-28,210
120,Bottled Water,Beverages,125.28,2024-06-08,2024-11-23,2024-11-28,957
121,Bagel,Bakery,141.11,2024-01-27,2024-07-23,2024-11-28,816
122,Bread Loaf,Bakery,113.82,2024-06-01,2024-10-25,2024-11-28,238
123,Toothpaste,Personal Care,149.86,2024-08-30,2025-06-05,2024-11-28,855
124,Shrimp,Meat & Seafood,149.31,2023-12-02,2024-06-11,2024-11-28,565
125,Bread Loaf,Bakery,126.93,2024-04-11,2024-09-22,2024-11-28,207
126,Carrot,Fruits & Vegetables,128.43,2024-04-24,2025-02-02,2024-11-28,27
127,Coffee,Beverages,118.37,2024-04-30,2024-07-04,2024-11-28,786
128,Apple,Fruits & Vegetables,136.96,2023-12-11,2024-09-18,2024-11-28,95
129,Lettuce,Fruits & Vegetables,131.84,2024-01-14,2024-11-13,2024-11-28,161
130,Tomato,Fruits & Vegetables,108.93,2024-08-13,2025-08-06,2024-11-28,938
131,Muffin,Bakery,118.78,2024-02-06,2024-05-18,2024-11-28,568
132,Paper Towels,Household Supplies,144.18,2024-06-25,2025-05-24,2024-11-28,622
133,Paper Towels,Household Supplies,101.40,2023-12-10,2024-09-28,2024-11-28,604
134,Eggs,Dairy & Eggs,114.95,2024-07-30,2024-10-30,2024-11-28,753
135,Chicken Breast,Meat & Seafood,138.21,2024-03-08,2024-07-30,2024-11-28,764
136,Soap,Personal Care,100.54,2024-08-28,2024-12-27,2024-11-28,425
137,Carrot,Fruits & Vegetables,124.20,2024-08-10,2025-06-07,2024-11-28,790
138,Trash Bags,Household Supplies,108.06,2024-04-11,2024-05-22,2024-11-28,186
139,Coffee,Beverages,119.76,2024-06-04,2024-09-06,2024-11-28,366
140,Cake,Bakery,138.77,2024-11-15,2025-01-15,2024-11-28,113
141,Paper Towels,Household Supplies,123.12,2024-07-16,2025-02-13,2024-11-28,525
142,Muffin,Bakery,121.23,2024-04-27,2024-09-03,2024-11-28,657
143,Pork Chop,Meat & Seafood,132.84,2024-10-02,2025-06-27,2024-11-28,235
144,Candy Bar,Snacks,127.51,2023-12-05,2024-08-09,2024-11-28,603
145,Tea,Beverages,144.77,2024-08-13,2024-11-21,2024-11-28,231
146,Muffin,Bakery,131.49,2024-04-01,2024-09-23,2024-11-28,899
147,Candy Bar,Snacks,109.98,2024-02-25,2024-09-20,2024-11-28,883
148,Shampoo,Personal Care,118.03,2024-03-15,2025-01-10,2024-11-28,646
149,Dish Soap,Household Supplies,126.75,2024-04-15,2024-07-24,2024-11-28,246
150,Paper Towels,Household Supplies,132.81,2024-10-17,2025-07-04,2024-11-28,780
151,Lotion,Personal Care,129.68,2024-04-19,2025-02-25,2024-11-28,862
152,Carrot,Fruits & Vegetables,115.89,2024-01-22,2024-10-04,2024-11-28,404
153,Croissant,Bakery,143.34,2024-08-02,2024-09-30,2024-11-28,262
154,Carrot,Fruits & Vegetables,145.12,2024-10-01,2025-05-28,2024-11-28,100
155,Yogurt,Dairy & Eggs,147.87,2024-01-24,2024-03-13,2024-11-28,682
156,Bagel,Bakery,115.71,2024-10-14,2025-02-26,2024-11-28,694
157,Cheese,Dairy & Eggs,148.61,2024-05-10,2024-10-13,2024-11-28,163
158,Croissant,Bakery,123.79,2024-02-02,2024-06-27,2024-11-28,819
159,Milk,Dairy & Eggs,145.25,2024-03-29,2024-11-25,2024-11-28,420
160,Tea,Beverages,140.05,2024-08-22,2024-11-26,2024-11-28,100
161,Chips,Snacks,127.90,2024-02-29,2024-09-04,2024-11-28,938
162,Pork Chop,Meat & Seafood,138.02,2023-12-08,2024-06-04,2024-11-28,774
163,Tea,Beverages,115.37,2024-11-16,2025-09-26,2024-11-28,313
164,Bottled Water,Beverages,133.93,2024-02-20,2024-12-09,2024-11-28,220
165,Lotion,Personal Care,121.21,2024-01-20,2024-03-26,2024-11-28,267
166,Potato,Fruits & Vegetables,121.73,2024-04-25,2025-01-21,2024-11-28,134
167,Lotion,Personal Care,135.99,2024-06-28,2025-02-18,2024-11-28,85
168,Granola Bar,Snacks,139.43,2024-07-16,2025-02-13,2024-11-28,462
169,Bagel,Bakery,108.75,2024-07-20,2024-10-15,2024-11-28,117
170,Dish Soap,Household Supplies,144.49,2024-01-16,2024-08-08,2024-11-28,478
171,Dish Soap,Household Supplies,118.03,2024-05-08,2024-06-07,2024-11-28,864
172,Trash Bags,Household Supplies,133.31,2023-12-07,2024-04-13,2024-11-28,460
173,Pork Chop,Meat & Seafood,141.75,2024-08-06,2025-02-11,2024-11-28,374
174,Popcorn,Snacks,100.73,2024-01-11,2025-01-03,2024-11-28,423
175,Cake,Bakery,133.30,2024-05-24,2024-12-20,2024-11-28,787
176,Bottled Water,Beverages,131.82,2024-01-12,2024-09-19,2024-11-28,94
177,Trash Bags,Household Supplies,115.21,2024-11-14,2025-03-23,2024-11-28,566
178,Lettuce,Fruits & Vegetables,125.57,2024-10-21,2025-09-16,2024-11-28,367
179,Toothpaste,Personal Care,126.92,2024-04-07,2024-05-28,2024-11-28,826
180,Trash Bags,Household Supplies,120.32,2024-01-13,2024-08-18,2024-11-28,383
181,Bagel,Bakery,132.06,2024-07-30,2025-04-25,2024-11-28,189
182,Toothpaste,Personal Care,146.62,2024-06-17,2024-12-20,2024-11-28,763
183,Ground Beef,Meat & Seafood,144.69,2024-04-06,2024-05-20,2024-11-28,186
184,Apple,Fruits & Vegetables,120.71,2024-01-18,2024-09-22,2024-11-28,742
185,Muffin,Bakery,115.28,2024-02-05,2024-11-23,2024-11-28,330
186,Salmon Fillet,Meat & Seafood,113.29,2024-10-15,2025-06-25,2024-11-28,995
187,Toothpaste,Personal Care,110.67,2024-09-11,2025-06-24,2024-11-28,533
188,Bagel,Bakery,102.73,2024-05-20,2024-10-13,2024-11-28,934
189,Banana,Fruits & Vegetables,137.30,2024-05-27,2024-07-19,2024-11-28,856
190,Croissant,Bakery,128.52,2023-12-21,2024-03-12,2024-11-28,60
191,Trash Bags,Household Supplies,104.14,2024-02-23,2024-12-18,2024-11-28,932
192,Chips,Snacks,106.54,2024-01-09,2024-12-30,2024-11-28,604
193,Salmon Fillet,Meat & Seafood,111.89,2024-06-23,2024-10-07,2024-11-28,65
194,Coffee,Beverages,122.26,2024-08-02,2025-02-09,2024-11-28,990
195,Tea,Beverages,133.31,2024-06-26,2025-02-14,2024-11-28,579
196,Chicken Breast,Meat & Seafood,107.70,2024-07-02,2025-01-26,2024-11-28,52
197,Popcorn,Snacks,139.81,2024-07-31,2024-11-06,2024-11-28,885
198,Muffin,Bakery,138.21,2024-01-19,2024-07-30,2024-11-28,696
199,Trash Bags,Household Supplies,124.37,2024-04-16,2025-03-20,2024-11-28,331
200,Potato,Fruits & Vegetables,134.27,2024-08-30,2025-05-15,2024-11-28,728
201,Trash Bags,Household Supplies,105.14,2024-03-15,2024-10-01,2024-11-28,397
202,Carrot,Fruits & Vegetables,140.80,2024-04-28,2024-07-30,2024-11-28,465
203,Paper Towels,Household Supplies,134.00,2024-02-06,2024-06-14,2024-11-28,502
204,Eggs,Dairy & Eggs,118.34,2024-10-24,2025-07-27,2024-11-28,390
205,Ground Beef,Meat & Seafood,111.39,2024-09-19,2025-03-27,2024-11-28,886
206,Potato,Fruits & Vegetables,104.42,2024-02-20,2024-06-04,2024-11-28,932
207,Apple,Fruits & Vegetables,131.80,2024-08-02,2024-10-31,2024-11-28,399
208,Ground Beef,Meat & Seafood,141.07,2024-04-14,2025-02-23,2024-11-28,887
209,Laundry Detergent,Household Supplies,149.11,2024-02-16,2024-05-23,2024-11-28,214
210,Carrot,Fruits & Vegetables,112.87,2024-05-19,2025-05-13,2024-11-28,562
211,Paper Towels,Household Supplies,113.89,2024-07-09,2024-09-11,2024-11-28,783
212,Muffin,Bakery,110.21,2024-03-08,2024-12-29,2024-11-28,869
213,Coffee,Beverages,129.46,2024-11-15,2025-03-02,2024-11-28,568
214,Lotion,Personal Care,118.28,2024-11-03,2025-10-26,2024-11-28,57
215,Granola Bar,Snacks,108.87,2024-04-08,2024-05-11,2024-11-28,219
216,Laundry Detergent,Household Supplies,147.15,2024-07-13,2025-01-24,2024-11-28,718
217,Cake,Bakery,142.42,2023-12-18,2024-10-03,2024-11-28,494
218,Soda,Beverages,120.64,2024-07-07,2024-12-10,2024-11-28,868
219,Chicken Breast,Meat & Seafood,134.97,2024-03-10,2025-01-23,2024-11-28,324
220,Pork Chop,Meat & Seafood,143.25,2024-11-01,2025-05-06,2024-11-28,725
221,Cake,Bakery,112.37,2024-10-23,2025-07-19,2024-11-28,770
222,Cake,Bakery,144.55,2024-02-28,2024-08-12,2024-11-28,633
223,Cake,Bakery,120.68,2024-09-23,2025-05-12,2024-11-28,13
224,Laundry Detergent,Household Supplies,134.36,2024-04-17,2024-07-24,2024-11-28,538
225,Bread Loaf,Bakery,116.34,2024-09-28,2025-04-20,2024-11-28,1000
226,Trash Bags,Household Supplies,134.90,2024-02-20,2024-11-30,2024-11-28,86
227,Muffin,Bakery,109.73,2024-06-08,2025-01-14,2024-11-28,780
228,Popcorn,Snacks,143.78,2024-08-03,2025-02-12,2024-11-28,4
229,Croissant,Bakery,139.68,2024-08-03,2025-03-29,2024-11-28,951
230,Chips,Snacks,144.52,2024-11-20,2025-06-22,2024-11-28,972
231,Candy Bar,Snacks,111.53,2024-06-25,2025-06-08,2024-11-28,544
232,Pork Chop,Meat & Seafood,131.21,2024-08-16,2024-11-02,2024-11-28,33
233,Tea,Beverages,143.53,2024-03-14,2024-07-02,2024-11-28,534
234,Toothpaste,Personal Care,134.43,2024-09-29,2025-09-03,2024-11-28,797
235,Chicken Breast,Meat & Seafood,140.97,2024-10-23,2025-06-05,2024-11-28,460
236,Cheese,Dairy & Eggs,103.17,2024-03-27,2025-03-07,2024-11-28,188
237,Tomato,Fruits & Vegetables,130.75,2024-07-27,2025-05-28,2024-11-28,497
238,Carrot,Fruits & Vegetables,100.90,2024-02-14,2024-12-01,2024-11-28,979
239,Candy Bar,Snacks,120.71,2024-07-22,2025-02-17,2024-11-28,806
240,Butter,Dairy & Eggs,145.00,2024-08-02,2025-07-07,2024-11-28,467
241,Shrimp,Meat & Seafood,143.68,2024-11-02,2025-06-16,2024-11-28,203
242,Lettuce,Fruits & Vegetables,132.43,2023-12-24,2024-08-06,2024-11-28,978
243,Milk,Dairy & Eggs,113.12,2024-10-06,2025-06-30,2024-11-28,231
244,Lotion,Personal Care,125.20,2024-08-14,2025-01-11,2024-11-28,310
245,Bread Loaf,Bakery,136.28,2023-12-27,2024-08-15,2024-11-28,259
246,Banana,Fruits & Vegetables,119.31,2024-10-15,2025-01-16,2024-11-28,899
247,Lotion,Personal Care,101.01,2024-04-23,2024-07-04,2024-11-28,870
248,Apple,Fruits & Vegetables,129.50,2024-08-31,2025-04-01,2024-11-28,151
249,Lettuce,Fruits & Vegetables,148.78,2024-08-11,2024-12-04,2024-11-28,774
250,Butter,Dairy & Eggs,143.71,2024-04-19,2025-02-14,2024-11-28,106
251,Soap,Personal Care,111.14,2024-08-22,2025-01-26,2024-11-28,780
252,Coffee,Beverages,104.34,2024-06-12,2025-03-13,2024-11-28,742
253,Cake,Bakery,142.09,2024-02-26,2025-02-04,2024-11-28,559
254,Granola Bar,Snacks,119.25,2024-06-15,2024-12-28,2024-11-28,430
255,Carrot,Fruits & Vegetables,122.04,2024-11-23,2025-08-30,2024-11-28,155
256,Cheese,Dairy & Eggs,124.31,2024-01-22,2024-10-15,2024-11-28,801
257,Deodorant,Personal Care,135.93,2023-12-26,2024-11-04,2024-11-28,913
258,Trash Bags,Household Supplies,143.37,2024-10-15,2025-01-06,2024-11-28,338
259,Coffee,Beverages,148.37,2024-06-26,2025-04-24,2024-11-28,407
260,Shrimp,Meat & Seafood,141.00,2024-07-31,2024-12-06,2024-11-28,535
261,Croissant,Bakery,118.21,2024-08-15,2025-05-08,2024-11-28,151
262,Apple,Fruits & Vegetables,120.34,2024-03-16,2024-09-09,2024-11-28,215
263,Chips,Snacks,135.30,2024-04-02,2024-12-01,2024-11-28,252
264,Eggs,Dairy & Eggs,133.43,2024-05-17,2024-12-21,2024-11-28,364
265,Bagel,Bakery,141.84,2024-06-08,2024-08-26,2024-11-28,447
266,Tomato,Fruits & Vegetables,128.86,2023-12-31,2024-10-03,2024-11-28,705
267,Coffee,Beverages,128.78,2024-09-25,2025-04-24,2024-11-28,428
268,Chips,Snacks,118.96,2024-09-26,2025-03-11,2024-11-28,416
269,Carrot,Fruits & Vegetables,146.28,2024-01-25,2024-07-22,2024-11-28,461
270,Toothpaste,Personal Care,145.27,2024-01-18,2024-03-29,2024-11-28,805
271,Salmon Fillet,Meat & Seafood,123.79,2024-09-19,2025-05-15,2024-11-28,630
272,Ground Beef,Meat & Seafood,112.28,2024-03-27,2024-06-06,2024-11-28,175
273,Bread Loaf,Bakery,104.18,2024-05-05,2024-11-09,2024-11-28,252
274,Coffee,Beverages,133.12,2024-08-18,2024-09-19,2024-11-28,436
275,Dish Soap,Household Supplies,124.43,2023-12-23,2024-01-25,2024-11-28,923
276,Pork Chop,Meat & Seafood,125.73,2024-10-09,2024-12-20,2024-11-28,266
277,Potato,Fruits & Vegetables,105.73,2024-09-02,2025-04-02,2024-11-28,217
278,Popcorn,Snacks,118.93,2024-04-22,2025-04-09,2024-11-28,49
279,Bagel,Bakery,128.21,2024-03-09,2024-04-19,2024-11-28,832
280,Eggs,Dairy & Eggs,145.63,2024-09-05,2025-05-27,2024-11-28,977
281,Tomato,Fruits & Vegetables,111.96,2023-12-17,2024-04-12,2024-11-28,123
282,Deodorant,Personal Care,139.44,2024-02-26,2024-05-22,2024-11-28,633
283,Soda,Beverages,117.87,2023-12-01,2024-05-21,2024-11-28,792
284,Eggs,Dairy & Eggs,106.67,2023-12-08,2024-08-30,2024-11-28,127
285,Muffin,Bakery,140.06,2024-11-04,2025-01-21,2024-11-28,578
286,Bottled Water,Beverages,106.15,2024-01-21,2024-06-04,2024-11-28,471
287,Ground Beef,Meat & Seafood,132.56,2024-07-08,2024-11-14,2024-11-28,336
288,Chicken Breast,Meat & Seafood,130.69,2024-04-06,2025-02-03,2024-11-28,991
289,Shrimp,Meat & Seafood,112.34,2024-08-25,2025-08-08,2024-11-28,338
290,Banana,Fruits & Vegetables,114.39,2024-05-17,2025-04-20,2024-11-28,433
291,Toothpaste,Personal Care,149.59,2024-08-08,2025-05-15,2024-11-28,161
292,Shrimp,Meat & Seafood,130.28,2024-02-25,2024-06-11,2024-11-28,807
293,Coffee,Beverages,136.27,2024-04-19,2024-07-06,2024-11-28,213
294,Shampoo,Personal Care,127.81,2024-05-30,2025-05-12,2024-11-28,378
295,Tea,Beverages,115.64,2024-09-30,2025-04-15,2024-11-28,189
296,Salmon Fillet,Meat & Seafood,142.87,2024-05-29,2024-11-28,2024-11-28,913
297,Coffee,Beverages,144.90,2024-04-01,2024-11-30,2024-11-28,353
298,Coffee,Beverages,142.18,2024-03-27,2024-09-10,2024-11-28,334
299,Paper Towels,Household Supplies,106.73,2024-06-22,2024-08-07,2024-11-28,205
300,Tea,Beverages,142.62,2024-06-17,2025-02-01,2024-11-28,420
301,Lettuce,Fruits & Vegetables,128.59,2023-11-29,2024-11-11,2024-11-28,822
302,Ground Beef,Meat & Seafood,104.54,2024-02-01,2025-01-03,2024-11-28,787
303,Shrimp,Meat & Seafood,119.73,2024-06-05,2025-03-06,2024-11-28,607
304,Tea,Beverages,137.42,2024-07-22,2024-11-30,2024-11-28,288
305,Salmon Fillet,Meat & Seafood,123.53,2023-11-30,2024-06-17,2024-11-28,33
306,Tea,Beverages,140.12,2024-07-30,2024-10-03,2024-11-28,351
307,Toothpaste,Personal Care,100.87,2024-08-22,2025-01-21,2024-11-28,768
308,Potato,Fruits & Vegetables,138.17,2024-06-10,2025-01-26,2024-11-28,809
309,Laundry Detergent,Household Supplies,102.09,2024-10-10,2025-06-17,2024-11-28,964
310,Bread Loaf,Bakery,149.53,2024-05-07,2024-08-19,2024-11-28,27
311,Yogurt,Dairy & Eggs,147.25,2024-10-30,2025-03-02,2024-11-28,664
312,Lotion,Personal Care,129.36,2024-10-07,2025-02-08,2024-11-28,741
313,Croissant,Bakery,120.76,2024-09-03,2025-06-23,2024-11-28,686
314,Trash Bags,Household Supplies,140.56,2024-02-08,2024-07-21,2024-11-28,427
315,Orange Juice,Beverages,136.34,2024-07-10,2025-01-25,2024-11-28,220
316,Chips,Snacks,111.43,2024-04-22,2024-11-13,2024-11-28,990
317,Lettuce,Fruits & Vegetables,131.88,2024-02-04,2025-01-18,2024-11-28,115
318,Trash Bags,Household Supplies,103.59,2024-11-26,2025-09-10,2024-11-28,246
319,Banana,Fruits & Vegetables,123.31,2024-04-30,2024-10-09,2024-11-28,327
320,Pork Chop,Meat & Seafood,108.50,2024-04-02,2024-05-20,2024-11-28,147
321,Pork Chop,Meat & Seafood,126.12,2024-01-24,2024-08-15,2024-11-28,355
322,Popcorn,Snacks,134.12,2024-09-28,2025-03-04,2024-11-28,108
323,Shrimp,Meat & Seafood,127.23,2024-05-19,2025-02-16,2024-11-28,620
324,Deodorant,Personal Care,146.15,2024-10-28,2025-03-28,2024-11-28,813
325,Soda,Beverages,138.57,2024-03-18,2024-04-19,2024-11-28,138
326,Cookies,Snacks,102.60,2024-02-27,2025-01-13,2024-11-28,426
327,Granola Bar,Snacks,144.78,2024-05-19,2025-03-04,2024-11-28,715
328,Cheese,Dairy & Eggs,135.71,2023-12-29,2024-06-11,2024-11-28,404
329,Coffee,Beverages,130.75,2024-01-30,2024-03-10,2024-11-28,424
330,Soda,Beverages,116.15,2024-02-05,2025-01-19,2024-11-28,469
331,Butter,Dairy & Eggs,114.09,2024-10-31,2025-09-20,2024-11-28,731
332,Dish Soap,Household Supplies,146.93,2024-11-28,2025-09-14,2024-11-28,381
333,Candy Bar,Snacks,107.70,2024-07-10,2024-12-11,2024-11-28,528
334,Bagel,Bakery,149.99,2024-03-26,2024-11-20,2024-11-28,530
335,Croissant,Bakery,121.42,2024-05-20,2024-08-01,2024-11-28,229
336,Toothpaste,Personal Care,137.18,2024-09-27,2025-01-07,2024-11-28,115
337,Laundry Detergent,Household Supplies,120.51,2024-03-24,2025-02-26,2024-11-28,809
338,Banana,Fruits & Vegetables,143.25,2024-06-05,2025-02-06,2024-11-28,872
339,Cookies,Snacks,129.65,2024-07-15,2025-03-13,2024-11-28,534
340,Candy Bar,Snacks,107.00,2024-03-05,2024-10-06,2024-11-28,957
341,Granola Bar,Snacks,103.46,2024-03-18,2024-05-16,2024-11-28,344
342,Popcorn,Snacks,112.59,2024-08-19,2024-10-12,2024-11-28,577
343,Chicken Breast,Meat & Seafood,113.95,2024-06-22,2025-06-08,2024-11-28,363
344,Ground Beef,Meat & Seafood,147.15,2024-08-30,2025-02-27,2024-11-28,197
345,Granola Bar,Snacks,146.71,2024-03-16,2024-04-19,2024-11-28,726
346,Coffee,Beverages,116.07,2024-06-14,2024-08-31,2024-11-28,277
347,Paper Towels,Household Supplies,117.87,2023-12-09,2024-10-17,2024-11-28,875
348,Carrot,Fruits & Vegetables,131.31,2024-09-02,2024-11-06,2024-11-28,835
349,Tea,Beverages,143.88,2024-07-02,2024-10-20,2024-11-28,767
350,Yogurt,Dairy & Eggs,145.43,2024-01-14,2024-02-28,2024-11-28,735
351,Milk,Dairy & Eggs,126.43,2024-04-17,2024-08-20,2024-11-28,369
352,Orange Juice,Beverages,131.38,2024-01-24,2024-03-15,2024-11-28,715
353,Milk,Dairy & Eggs,116.48,2024-06-28,2025-02-13,2024-11-28,989
354,Yogurt,Dairy & Eggs,142.90,2024-02-25,2024-11-01,2024-11-28,677
355,Soda,Beverages,130.15,2024-06-09,2025-02-15,2024-11-28,519
356,Soda,Beverages,131.81,2024-09-10,2025-01-14,2024-11-28,205
357,Cheese,Dairy & Eggs,109.01,2024-11-24,2025-10-06,2024-11-28,77
358,Cookies,Snacks,101.06,2024-01-14,2024-08-24,2024-11-28,240
359,Eggs,Dairy & Eggs,115.76,2024-01-31,2024-04-19,2024-11-28,464
360,Chicken Breast,Meat & Seafood,149.47,2023-12-02,2024-07-13,2024-11-28,468
361,Soda,Beverages,109.43,2024-03-18,2024-12-03,2024-11-28,532
362,Shampoo,Personal Care,144.78,2023-12-02,2024-10-18,2024-11-28,582
363,Bagel,Bakery,145.09,2024-07-13,2024-12-16,2024-11-28,580
364,Trash Bags,Household Supplies,114.46,2024-02-15,2024-06-19,2024-11-28,420
365,Shampoo,Personal Care,149.61,2024-03-04,2025-01-06,2024-11-28,786
366,Potato,Fruits & Vegetables,132.59,2023-12-12,2024-03-15,2024-11-28,998
367,Lettuce,Fruits & Vegetables,119.51,2024-05-07,2025-03-21,2024-11-28,24
368,Tomato,Fruits & Vegetables,123.65,2024-05-29,2025-03-25,2024-11-28,525
369,Potato,Fruits & Vegetables,141.28,2024-06-07,2024-10-24,2024-11-28,904
370,Cake,Bakery,144.47,2024-04-26,2024-08-23,2024-11-28,167
371,Milk,Dairy & Eggs,107.32,2024-03-09,2024-10-05,2024-11-28,370
372,Carrot,Fruits & Vegetables,147.94,2024-11-20,2025-02-26,2024-11-28,621
373,Cake,Bakery,127.90,2024-11-28,2025-08-03,2024-11-28,687
374,Trash Bags,Household Supplies,109.34,2024-10-28,2025-07-19,2024-11-28,85
375,Ground Beef,Meat & Seafood,125.43,2024-06-19,2024-08-25,2024-11-28,271
376,Butter,Dairy & Eggs,131.65,2024-10-24,2025-09-08,2024-11-28,87
377,Tea,Beverages,116.51,2024-11-25,2025-11-06,2024-11-28,625
378,Bread Loaf,Bakery,113.71,2024-07-26,2025-04-03,2024-11-28,345
379,Muffin,Bakery,133.31,2024-09-03,2025-01-24,2024-11-28,416
380,Tea,Beverages,122.06,2024-09-19,2025-08-08,2024-11-28,434
381,Bagel,Bakery,120.43,2024-02-13,2024-10-30,2024-11-28,723
382,Shrimp,Meat & Seafood,129.78,2024-09-29,2025-08-26,2024-11-28,168
383,Milk,Dairy & Eggs,136.05,2024-05-20,2024-12-06,2024-11-28,710
384,Cookies,Snacks,127.39,2024-09-01,2025-04-28,2024-11-28,474
385,Lotion,Personal Care,115.26,2024-08-27,2024-11-04,2024-11-28,88
386,Shampoo,Personal Care,100.95,2024-08-21,2025-03-17,2024-11-28,226
387,Chicken Breast,Meat & Seafood,122.21,2024-01-10,2024-09-16,2024-11-28,738
388,Paper Towels,Household Supplies,118.90,2024-01-21,2024-10-13,2024-11-28,781
389,Eggs,Dairy & Eggs,125.26,2024-10-17,2025-02-03,2024-11-28,389
390,Shampoo,Personal Care,131.92,2024-02-13,2024-08-25,2024-11-28,919
391,Croissant,Bakery,136.80,2024-08-30,2025-07-09,2024-11-28,286
392,Lotion,Personal Care,127.40,2024-06-19,2024-12-27,2024-11-28,306
393,Trash Bags,Household Supplies,131.49,2024-06-01,2025-03-17,2024-11-28,241
394,Eggs,Dairy & Eggs,141.06,2024-11-22,2025-03-28,2024-11-28,529
395,Popcorn,Snacks,120.73,2024-11-28,2025-09-22,2024-11-28,592
396,Candy Bar,Snacks,143.18,2024-05-17,2024-11-24,2024-11-28,23
397,Laundry Detergent,Household Supplies,100.65,2024-02-24,2024-11-11,2024-11-28,503
398,Soda,Beverages,149.55,2024-01-14,2024-02-22,2024-11-28,114
399,Cake,Bakery,146.56,2024-08-24,2025-07-13,2024-11-28,105
400,Shampoo,Personal Care,111.68,2024-11-20,2024-12-23,2024-11-28,358
401,Lotion,Personal Care,125.28,2024-01-30,2024-09-12,2024-11-28,696
402,Bread Loaf,Bakery,135.90,2024-11-26,2025-10-28,2024-11-28,539
403,Soap,Personal Care,113.57,2024-01-07,2024-09-05,2024-11-28,993
404,Lotion,Personal Care,102.09,2024-04-07,2025-01-11,2024-11-28,298
405,Tea,Beverages,116.98,2024-02-15,2024-11-13,2024-11-28,102
406,Ground Beef,Meat & Seafood,148.28,2023-12-04,2024-06-08,2024-11-28,899
407,Butter,Dairy & Eggs,104.90,2024-06-24,2024-12-08,2024-11-28,148
408,Cheese,Dairy & Eggs,149.82,2023-12-13,2024-10-15,2024-11-28,816
409,Lotion,Personal Care,118.01,2024-05-15,2025-01-11,2024-11-28,631
410,Shrimp,Meat & Seafood,140.03,2024-09-02,2024-10-29,2024-11-28,747
411,Paper Towels,Household Supplies,149.02,2024-10-06,2025-01-10,2024-11-28,962
412,Chips,Snacks,121.57,2024-01-08,2024-06-27,2024-11-28,964
413,Shrimp,Meat & Seafood,141.43,2024-05-10,2024-10-11,2024-11-28,384
414,Cookies,Snacks,107.10,2024-10-19,2025-10-19,2024-11-28,785
415,Tea,Beverages,139.40,2024-03-13,2024-10-24,2024-11-28,445
416,Paper Towels,Household Supplies,125.73,2023-12-22,2024-05-15,2024-11-28,42
417,Cookies,Snacks,114.62,2024-06-18,2024-10-22,2024-11-28,573
418,Soda,Beverages,141.68,2024-06-27,2024-12-05,2024-11-28,466
419,Shrimp,Meat & Seafood,144.37,2024-04-01,2024-10-30,2024-11-28,253
420,Bottled Water,Beverages,146.69,2024-02-03,2025-01-03,2024-11-28,588
421,Cheese,Dairy & Eggs,118.31,2024-09-03,2024-12-13,2024-11-28,254
422,Croissant,Bakery,148.80,2024-06-26,2025-01-10,2024-11-28,262
423,Soda,Beverages,112.84,2024-01-25,2024-06-19,2024-11-28,211
424,Chicken Breast,Meat & Seafood,145.03,2024-05-27,2024-12-24,2024-11-28,594
425,Popcorn,Snacks,114.70,2023-12-22,2024-07-29,2024-11-28,351
426,Paper Towels,Household Supplies,134.59,2023-12-27,2024-06-16,2024-11-28,171
427,Cookies,Snacks,104.73,2024-08-17,2024-11-22,2024-11-28,938
428,Milk,Dairy & Eggs,125.76,2024-08-02,2025-01-28,2024-11-28,984
429,Soda,Beverages,132.97,2024-03-10,2024-07-29,2024-11-28,613
430,Potato,Fruits & Vegetables,123.09,2024-06-09,2024-08-13,2024-11-28,845
431,Milk,Dairy & Eggs,142.12,2024-04-08,2024-08-15,2024-11-28,414
432,Dish Soap,Household Supplies,135.24,2024-09-15,2025-05-13,2024-11-28,18
433,Butter,Dairy & Eggs,105.56,2024-06-11,2024-09-23,2024-11-28,498
434,Cake,Bakery,139.36,2024-04-11,2024-07-30,2024-11-28,278
435,Tea,Beverages,131.81,2024-11-19,2025-04-14,2024-11-28,514
436,Chips,Snacks,100.82,2024-08-11,2024-10-16,2024-11-28,339
437,Pork Chop,Meat & Seafood,121.12,2024-07-14,2025-06-13,2024-11-28,221
438,Cheese,Dairy & Eggs,129.81,2024-08-31,2025-01-21,2024-11-28,456
439,Soap,Personal Care,102.03,2024-11-04,2025-07-27,2024-11-28,194
440,Candy Bar,Snacks,127.12,2024-04-09,2025-01-18,2024-11-28,804
441,Salmon Fillet,Meat & Seafood,123.90,2024-06-08,2024-10-31,2024-11-28,504
442,Bagel,Bakery,133.65,2024-03-31,2025-01-18,2024-11-28,187
443,Candy Bar,Snacks,138.12,2024-10-07,2025-05-26,2024-11-28,443
444,Coffee,Beverages,104.23,2024-11-02,2025-05-24,2024-11-28,428
445,Dish Soap,Household Supplies,134.81,2024-08-15,2024-11-22,2024-11-28,685
446,Coffee,Beverages,146.56,2024-06-24,2024-09-06,2024-11-28,87
447,Lettuce,Fruits & Vegetables,117.39,2024-04-03,2024-09-23,2024-11-28,469
448,Dish Soap,Household Supplies,128.94,2024-10-16,2025-08-17,2024-11-28,670
449,Trash Bags,Household Supplies,142.05,2024-01-09,2024-03-23,2024-11-28,380
450,Trash Bags,Household Supplies,143.22,2024-10-06,2024-12-07,2024-11-28,554
451,Deodorant,Personal Care,111.06,2024-04-13,2024-07-07,2024-11-28,541
452,Tea,Beverages,143.37,2024-09-08,2025-07-13,2024-11-28,643
453,Carrot,Fruits & Vegetables,118.75,2024-07-27,2024-09-16,2024-11-28,772
454,Tomato,Fruits & Vegetables,139.75,2024-04-18,2024-08-14,2024-11-28,258
455,Laundry Detergent,Household Supplies,112.85,2024-11-09,2025-02-13,2024-11-28,316
456,Tea,Beverages,148.62,2023-12-15,2024-08-17,2024-11-28,753
457,Laundry Detergent,Household Supplies,100.95,2024-08-17,2025-02-14,2024-11-28,178
458,Soap,Personal Care,115.64,2024-05-04,2024-06-13,2024-11-28,435
459,Muffin,Bakery,136.34,2024-02-19,2024-05-24,2024-11-28,812
460,Bread Loaf,Bakery,115.40,2024-06-11,2025-02-27,2024-11-28,819
461,Shampoo,Personal Care,134.71,2024-07-06,2025-05-05,2024-11-28,55
462,Paper Towels,Household Supplies,117.90,2024-08-04,2025-06-15,2024-11-28,573
463,Cheese,Dairy & Eggs,124.59,2024-02-16,2024-04-15,2024-11-28,20
464,Coffee,Beverages,138.94,2024-09-13,2025-04-07,2024-11-28,93
465,Pork Chop,Meat & Seafood,104.42,2023-12-22,2024-08-18,2024-11-28,516
466,Tea,Beverages,105.29,2024-03-31,2024-10-04,2024-11-28,466
467,Shampoo,Personal Care,131.44,2024-05-11,2024-11-18,2024-11-28,376
468,Laundry Detergent,Household Supplies,144.94,2024-03-03,2024-09-27,2024-11-28,504
469,Deodorant,Personal Care,137.40,2024-09-23,2025-07-15,2024-11-28,861
470,Shampoo,Personal Care,122.26,2024-09-06,2024-12-09,2024-11-28,841
471,Paper Towels,Household Supplies,123.76,2024-01-28,2025-01-18,2024-11-28,920
472,Trash Bags,Household Supplies,111.93,2023-12-15,2024-12-08,2024-11-28,286
473,Cheese,Dairy & Eggs,147.31,2024-01-26,2024-03-09,2024-11-28,51
474,Potato,Fruits & Vegetables,138.56,2024-11-06,2025-03-24,2024-11-28,711
475,Orange Juice,Beverages,145.78,2024-07-03,2024-08-13,2024-11-28,283
476,Shampoo,Personal Care,138.96,2024-04-09,2024-07-01,2024-11-28,580
477,Chips,Snacks,128.62,2024-11-26,2025-02-03,2024-11-28,401
478,Lotion,Personal Care,117.79,2024-03-30,2025-02-28,2024-11-28,84
479,Eggs,Dairy & Eggs,118.87,2024-10-14,2025-08-26,2024-11-28,750
480,Tomato,Fruits & Vegetables,137.86,2024-07-03,2025-03-03,2024-11-28,505
481,Cake,Bakery,121.12,2024-08-22,2024-10-30,2024-11-28,919
482,Cookies,Snacks,141.90,2024-02-08,2024-10-23,2024-11-28,791
483,Bottled Water,Beverages,144.72,2024-03-02,2024-04-17,2024-11-28,204
484,Banana,Fruits & Vegetables,129.28,2024-01-09,2024-04-02,2024-11-28,260
485,Chips,Snacks,108.78,2024-04-01,2024-11-18,2024-11-28,246
486,Candy Bar,Snacks,123.59,2024-05-11,2024-10-14,2024-11-28,954
487,Soda,Beverages,118.35,2023-12-10,2024-08-29,2024-11-28,991
488,Laundry Detergent,Household Supplies,113.40,2024-08-18,2025-03-10,2024-11-28,390
489,Cake,Bakery,102.92,2024-11-20,2025-03-07,2024-11-28,221
490,Salmon Fillet,Meat & Seafood,101.51,2024-09-04,2025-03-19,2024-11-28,456
491,Apple,Fruits & Vegetables,118.81,2024-03-09,2024-09-05,2024-11-28,751
492,Butter,Dairy & Eggs,139.24,2024-06-11,2025-04-15,2024-11-28,751
493,Granola Bar,Snacks,136.46,2024-07-31,2024-09-05,2024-11-28,890
494,Bagel,Bakery,108.51,2024-06-15,2024-11-24,2024-11-28,133
495,Eggs,Dairy & Eggs,107.45,2024-11-14,2025-04-07,2024-11-28,576
496,Orange Juice,Beverages,120.65,2024-02-19,2025-01-05,2024-11-28,386
497,Granola Bar,Snacks,136.82,2024-01-04,2024-05-09,2024-11-28,371
498,Bagel,Bakery,105.39,2024-11-21,2025-08-05,2024-11-28,438
499,Granola Bar,Snacks,142.78,2023-12-28,2024-11-14,2024-11-28,614
500,Lettuce,Fruits & Vegetables,133.18,2024-07-28,2024-11-10,2024-11-28,283
501,Lotion,Personal Care,131.38,2024-02-01,2024-07-15,2024-11-28,937
502,Popcorn,Snacks,101.90,2024-06-18,2024-12-20,2024-11-28,804
503,Muffin,Bakery,112.68,2024-05-28,2025-04-13,2024-11-28,137
504,Potato,Fruits & Vegetables,114.46,2024-04-06,2025-03-03,2024-11-28,133
505,Coffee,Beverages,102.92,2024-06-01,2025-02-13,2024-11-28,925
506,Coffee,Beverages,140.43,2024-04-27,2024-05-31,2024-11-28,700
507,Croissant,Bakery,111.28,2024-02-27,2024-12-27,2024-11-28,677
508,Butter,Dairy & Eggs,104.68,2023-12-16,2024-10-23,2024-11-28,593
509,Cookies,Snacks,136.21,2024-03-25,2025-03-24,2024-11-28,539
510,Dish Soap,Household Supplies,145.24,2024-03-08,2024-08-06,2024-11-28,834
511,Muffin,Bakery,125.43,2024-07-16,2025-02-27,2024-11-28,314
512,Muffin,Bakery,108.56,2024-08-17,2025-06-24,2024-11-28,405
513,Chicken Breast,Meat & Seafood,124.12,2024-03-02,2024-04-26,2024-11-28,229
514,Deodorant,Personal Care,106.68,2024-01-19,2024-04-18,2024-11-28,278
515,Cheese,Dairy & Eggs,111.68,2024-07-27,2024-11-06,2024-11-28,844
516,Lotion,Personal Care,139.62,2024-08-19,2025-08-08,2024-11-28,554
517,Bottled Water,Beverages,149.06,2024-09-02,2024-12-02,2024-11-28,390
518,Shrimp,Meat & Seafood,116.98,2024-05-02,2025-01-03,2024-11-28,916
519,Apple,Fruits & Vegetables,118.26,2024-03-26,2024-04-29,2024-11-28,979
520,Bottled Water,Beverages,130.93,2024-03-16,2024-08-26,2024-11-28,897
521,Salmon Fillet,Meat & Seafood,115.60,2024-02-27,2024-08-03,2024-11-28,696
522,Laundry Detergent,Household Supplies,102.64,2024-09-08,2025-03-23,2024-11-28,911
523,Cheese,Dairy & Eggs,118.18,2024-04-26,2024-10-10,2024-11-28,920
524,Paper Towels,Household Supplies,111.62,2024-03-30,2024-08-25,2024-11-28,123
525,Chips,Snacks,119.51,2024-11-06,2025-06-02,2024-11-28,347
526,Lotion,Personal Care,116.57,2024-07-26,2025-04-24,2024-11-28,705
527,Shampoo,Personal Care,119.48,2024-07-17,2025-05-08,2024-11-28,65
528,Soda,Beverages,132.11,2024-07-28,2024-09-07,2024-11-28,918
529,Banana,Fruits & Vegetables,123.42,2024-09-09,2024-10-25,2024-11-28,305
530,Milk,Dairy & Eggs,128.69,2023-12-30,2024-12-20,2024-11-28,532
531,Shampoo,Personal Care,101.35,2024-04-13,2024-09-27,2024-11-28,727
532,Carrot,Fruits & Vegetables,130.09,2023-11-30,2024-06-05,2024-11-28,932
533,Cookies,Snacks,136.56,2024-11-15,2025-01-09,2024-11-28,203
534,Chips,Snacks,102.06,2024-08-29,2025-06-28,2024-11-28,360
535,Potato,Fruits & Vegetables,127.75,2024-06-23,2024-11-22,2024-11-28,791
536,Yogurt,Dairy & Eggs,147.12,2024-04-09,2024-05-24,2024-11-28,891
537,Paper Towels,Household Supplies,117.26,2024-05-18,2024-12-02,2024-11-28,661
538,Yogurt,Dairy & Eggs,101.18,2024-06-01,2025-01-20,2024-11-28,692
539,Cheese,Dairy & Eggs,142.96,2024-05-18,2024-11-15,2024-11-28,52
540,Eggs,Dairy & Eggs,121.93,2024-06-11,2025-01-07,2024-11-28,708
541,Granola Bar,Snacks,134.96,2024-02-15,2024-06-30,2024-11-28,303
542,Muffin,Bakery,125.53,2024-07-15,2025-01-21,2024-11-28,143
543,Soap,Personal Care,133.59,2024-05-03,2024-12-29,2024-11-28,31
544,Cookies,Snacks,118.78,2024-08-24,2024-12-05,2024-11-28,476
545,Bottled Water,Beverages,130.25,2024-01-29,2024-06-25,2024-11-28,302
546,Banana,Fruits & Vegetables,102.14,2023-12-02,2024-01-23,2024-11-28,121
547,Chips,Snacks,116.62,2024-04-25,2025-03-05,2024-11-28,175
548,Carrot,Fruits & Vegetables,106.51,2024-11-04,2025-02-24,2024-11-28,571
549,Granola Bar,Snacks,101.98,2024-01-29,2024-06-02,2024-11-28,6
550,Coffee,Beverages,117.34,2024-02-26,2024-12-24,2024-11-28,729
551,Tomato,Fruits & Vegetables,139.30,2024-02-07,2024-06-06,2024-11-28,873
552,Candy Bar,Snacks,122.40,2024-08-02,2025-04-01,2024-11-28,287
553,Bread Loaf,Bakery,147.25,2024-11-08,2025-06-08,2024-11-28,987
554,Croissant,Bakery,133.87,2024-07-16,2024-11-08,2024-11-28,740
555,Salmon Fillet,Meat & Seafood,131.57,2024-05-30,2025-05-05,2024-11-28,264
556,Soda,Beverages,134.06,2024-06-29,2025-02-18,2024-11-28,224
557,Bagel,Bakery,127.04,2024-05-29,2024-09-18,2024-11-28,86
558,Lotion,Personal Care,141.15,2024-05-09,2024-08-15,2024-11-28,363
559,Bread Loaf,Bakery,129.53,2024-10-15,2025-03-03,2024-11-28,142
560,Butter,Dairy & Eggs,147.19,2024-04-02,2024-09-19,2024-11-28,403
561,Chicken Breast,Meat & Seafood,141.75,2024-04-02,2024-10-23,2024-11-28,101
562,Coffee,Beverages,143.12,2024-02-26,2024-08-13,2024-11-28,134
563,Pork Chop,Meat & Seafood,140.59,2024-01-09,2024-05-31,2024-11-28,16
564,Trash Bags,Household Supplies,137.22,2024-02-15,2024-11-04,2024-11-28,238
565,Bread Loaf,Bakery,132.34,2024-03-08,2024-04-28,2024-11-28,514
566,Eggs,Dairy & Eggs,115.23,2023-12-18,2024-10-06,2024-11-28,903
567,Laundry Detergent,Household Supplies,118.37,2024-03-02,2024-10-09,2024-11-28,577
568,Lotion,Personal Care,141.72,2024-03-29,2024-07-20,2024-11-28,685
569,Soda,Beverages,115.95,2024-05-21,2024-11-14,2024-11-28,769
570,Yogurt,Dairy & Eggs,107.14,2024-05-08,2025-05-06,2024-11-28,662
571,Soda,Beverages,117.20,2024-01-02,2024-08-25,2024-11-28,818
572,Tomato,Fruits & Vegetables,137.81,2024-10-09,2024-11-14,2024-11-28,606
573,Soap,Personal Care,109.54,2024-08-18,2025-08-06,2024-11-28,913
574,Tea,Beverages,139.87,2024-07-27,2024-08-26,2024-11-28,229
575,Bread Loaf,Bakery,107.00,2024-06-03,2025-02-20,2024-11-28,556
576,Paper Towels,Household Supplies,132.12,2024-04-05,2024-08-04,2024-11-28,928
577,Muffin,Bakery,100.53,2024-02-24,2024-09-20,2024-11-28,862
578,Milk,Dairy & Eggs,101.48,2024-09-12,2025-07-31,2024-11-28,201
579,Tea,Beverages,107.37,2024-02-25,2024-08-26,2024-11-28,193
580,Trash Bags,Household Supplies,117.84,2024-09-20,2025-07-30,2024-11-28,811
581,Lotion,Personal Care,127.37,2024-08-04,2025-07-15,2024-11-28,201
582,Carrot,Fruits & Vegetables,123.64,2024-10-10,2025-04-19,2024-11-28,98
583,Cake,Bakery,126.14,2023-12-31,2024-09-11,2024-11-28,871
584,Bottled Water,Beverages,114.42,2024-07-11,2024-10-21,2024-11-28,532
585,Laundry Detergent,Household Supplies,125.90,2024-03-22,2024-11-25,2024-11-28,500
586,Banana,Fruits & Vegetables,104.18,2024-09-03,2025-02-10,2024-11-28,660
587,Carrot,Fruits & Vegetables,132.69,2024-05-22,2025-03-03,2024-11-28,316
588,Bottled Water,Beverages,113.23,2024-09-01,2024-12-29,2024-11-28,672
589,Eggs,Dairy & Eggs,133.92,2023-11-29,2024-11-01,2024-11-28,209
590,Bread Loaf,Bakery,147.06,2024-08-10,2024-11-18,2024-11-28,775
591,Laundry Detergent,Household Supplies,112.62,2024-09-09,2025-03-06,2024-11-28,342
592,Orange Juice,Beverages,128.87,2024-01-30,2025-01-10,2024-11-28,661
593,Tomato,Fruits & Vegetables,102.76,2024-03-25,2025-01-03,2024-11-28,922
594,Lettuce,Fruits & Vegetables,117.00,2024-05-16,2025-05-12,2024-11-28,544
595,Butter,Dairy & Eggs,119.87,2024-11-01,2025-02-19,2024-11-28,665
596,Milk,Dairy & Eggs,135.21,2024-03-28,2024-06-15,2024-11-28,92
597,Lettuce,Fruits & Vegetables,115.26,2024-04-11,2024-10-26,2024-11-28,308
598,Orange Juice,Beverages,127.26,2024-11-26,2025-05-30,2024-11-28,54
599,Shrimp,Meat & Seafood,131.32,2024-03-31,2025-01-12,2024-11-28,918
600,Paper Towels,Household Supplies,133.49,2024-04-12,2025-01-29,2024-11-28,578
601,Paper Towels,Household Supplies,138.15,2024-07-12,2025-02-07,2024-11-28,68
602,Potato,Fruits & Vegetables,148.06,2024-05-07,2024-09-09,2024-11-28,222
603,Tomato,Fruits & Vegetables,101.98,2024-03-26,2024-12-05,2024-11-28,896
604,Paper Towels,Household Supplies,105.62,2024-04-01,2024-12-19,2024-11-28,326
605,Tea,Beverages,120.42,2024-07-18,2024-08-23,2024-11-28,839
606,Ground Beef,Meat & Seafood,107.59,2024-06-29,2025-04-07,2024-11-28,855
607,Soda,Beverages,109.73,2024-04-04,2024-08-10,2024-11-28,775
608,Banana,Fruits & Vegetables,106.09,2024-05-19,2024-08-26,2024-11-28,154
609,Popcorn,Snacks,118.90,2024-05-02,2024-07-02,2024-11-28,367
610,Apple,Fruits & Vegetables,147.00,2023-12-31,2024-06-28,2024-11-28,741
611,Soda,Beverages,116.09,2024-08-01,2025-07-31,2024-11-28,758
612,Eggs,Dairy & Eggs,122.28,2024-08-19,2024-11-17,2024-11-28,873
613,Shampoo,Personal Care,147.84,2024-01-14,2024-05-09,2024-11-28,456
614,Carrot,Fruits & Vegetables,140.09,2024-08-02,2024-10-09,2024-11-28,346
615,Orange Juice,Beverages,125.62,2024-07-18,2024-11-15,2024-11-28,395
616,Cake,Bakery,106.87,2024-02-29,2024-05-29,2024-11-28,320
617,Cake,Bakery,110.14,2023-12-08,2024-10-16,2024-11-28,991
618,Lettuce,Fruits & Vegetables,140.75,2024-11-11,2025-06-14,2024-11-28,770
619,Potato,Fruits & Vegetables,127.62,2024-09-27,2025-01-21,2024-11-28,561
620,Orange Juice,Beverages,104.06,2024-04-09,2024-05-21,2024-11-28,787
621,Pork Chop,Meat & Seafood,117.98,2023-12-24,2024-01-28,2024-11-28,926
622,Potato,Fruits & Vegetables,144.40,2024-08-30,2025-02-03,2024-11-28,246
623,Milk,Dairy & Eggs,114.21,2023-12-26,2024-08-12,2024-11-28,767
624,Cake,Bakery,132.03,2024-09-19,2025-03-27,2024-11-28,212
625,Soda,Beverages,142.92,2024-09-04,2025-05-01,2024-11-28,120
626,Pork Chop,Meat & Seafood,125.82,2024-02-17,2024-10-05,2024-11-28,344
627,Soap,Personal Care,111.40,2024-05-28,2024-10-11,2024-11-28,200
628,Yogurt,Dairy & Eggs,102.68,2024-05-29,2025-03-07,2024-11-28,22
629,Paper Towels,Household Supplies,102.84,2023-12-02,2024-07-31,2024-11-28,706
630,Dish Soap,Household Supplies,102.78,2024-10-09,2025-08-02,2024-11-28,701
631,Coffee,Beverages,102.23,2024-05-27,2024-12-26,2024-11-28,350
632,Orange Juice,Beverages,129.00,2024-07-31,2024-10-05,2024-11-28,949
633,Muffin,Bakery,140.63,2024-02-04,2024-08-06,2024-11-28,802
634,Eggs,Dairy & Eggs,145.77,2024-06-23,2024-12-26,2024-11-28,574
635,Orange Juice,Beverages,139.81,2024-01-07,2024-07-19,2024-11-28,20
636,Lotion,Personal Care,104.85,2023-12-10,2024-02-20,2024-11-28,993
637,Soda,Beverages,136.63,2024-04-10,2024-07-02,2024-11-28,788
638,Soap,Personal Care,132.52,2024-07-12,2025-03-05,2024-11-28,242
639,Lettuce,Fruits & Vegetables,144.87,2024-04-19,2024-08-17,2024-11-28,595
640,Paper Towels,Household Supplies,146.37,2024-04-19,2024-09-14,2024-11-28,499
641,Bottled Water,Beverages,107.21,2024-02-26,2024-03-29,2024-11-28,6
642,Dish Soap,Household Supplies,110.39,2024-04-26,2024-06-20,2024-11-28,249
643,Soda,Beverages,139.71,2024-09-20,2025-04-23,2024-11-28,585
644,Eggs,Dairy & Eggs,104.81,2024-02-03,2024-08-25,2024-11-28,320
645,Chips,Snacks,110.12,2024-05-01,2024-12-01,2024-11-28,76
646,Eggs,Dairy & Eggs,109.89,2024-06-18,2024-12-17,2024-11-28,293
647,Soap,Personal Care,145.28,2024-10-05,2025-07-16,2024-11-28,988
648,Apple,Fruits & Vegetables,112.37,2023-12-08,2024-09-03,2024-11-28,318
649,Deodorant,Personal Care,106.37,2024-10-11,2025-08-30,2024-11-28,165
650,Laundry Detergent,Household Supplies,106.84,2024-10-26,2025-06-12,2024-11-28,209
651,Milk,Dairy & Eggs,128.84,2024-09-17,2025-07-29,2024-11-28,767
652,Trash Bags,Household Supplies,149.68,2024-10-15,2025-08-05,2024-11-28,457
653,Tomato,Fruits & Vegetables,141.93,2024-09-30,2025-04-02,2024-11-28,267
654,Shrimp,Meat & Seafood,127.28,2024-11-26,2025-09-27,2024-11-28,711
655,Deodorant,Personal Care,113.43,2024-05-11,2024-12-22,2024-11-28,963
656,Coffee,Beverages,133.81,2024-04-14,2024-06-17,2024-11-28,221
657,Muffin,Bakery,102.09,2024-01-31,2024-09-16,2024-11-28,530
658,Salmon Fillet,Meat & Seafood,124.40,2024-01-10,2024-08-26,2024-11-28,995
659,Cake,Bakery,122.21,2024-07-20,2024-09-14,2024-11-28,846
660,Granola Bar,Snacks,140.75,2024-03-16,2024-07-08,2024-11-28,212
661,Deodorant,Personal Care,111.10,2024-03-14,2025-01-31,2024-11-28,301
662,Chicken Breast,Meat & Seafood,106.96,2024-05-25,2025-04-29,2024-11-28,452
663,Lettuce,Fruits & Vegetables,132.68,2024-06-02,2024-12-22,2024-11-28,535
664,Dish Soap,Household Supplies,107.28,2024-10-29,2025-06-22,2024-11-28,726
665,Eggs,Dairy & Eggs,126.18,2024-09-10,2025-06-15,2024-11-28,57
666,Pork Chop,Meat & Seafood,104.98,2024-07-08,2024-11-10,2024-11-28,112
667,Cheese,Dairy & Eggs,137.84,2024-03-04,2025-01-01,2024-11-28,902
668,Soda,Beverages,112.03,2024-01-26,2024-06-13,2024-11-28,415
669,Chips,Snacks,129.36,2024-10-08,2025-04-03,2024-11-28,479
670,Bottled Water,Beverages,124.03,2024-10-07,2025-05-13,2024-11-28,971
671,Granola Bar,Snacks,140.86,2024-11-24,2025-10-08,2024-11-28,135
672,Dish Soap,Household Supplies,113.98,2024-08-14,2025-01-18,2024-11-28,926
673,Ground Beef,Meat & Seafood,103.09,2024-01-07,2024-12-17,2024-11-28,16
674,Muffin,Bakery,106.35,2024-05-30,2025-01-31,2024-11-28,613
675,Bread Loaf,Bakery,121.79,2024-08-23,2025-04-06,2024-11-28,111
676,Apple,Fruits & Vegetables,101.56,2024-11-02,2025-10-17,2024-11-28,620
677,Croissant,Bakery,131.68,2024-07-14,2025-05-25,2024-11-28,496
678,Tomato,Fruits & Vegetables,145.06,2024-11-22,2025-02-07,2024-11-28,700
679,Paper Towels,Household Supplies,145.46,2024-10-30,2025-03-16,2024-11-28,21
680,Toothpaste,Personal Care,108.73,2024-10-07,2025-02-04,2024-11-28,432
681,Granola Bar,Snacks,144.71,2024-06-18,2024-07-27,2024-11-28,319
682,Apple,Fruits & Vegetables,148.03,2024-07-29,2025-07-17,2024-11-28,112
683,Cake,Bakery,146.13,2023-12-08,2024-03-24,2024-11-28,414
684,Tomato,Fruits & Vegetables,136.37,2024-02-24,2024-07-25,2024-11-28,834
685,Chicken Breast,Meat & Seafood,142.84,2024-04-14,2024-11-03,2024-11-28,122
686,Lotion,Personal Care,144.52,2024-09-22,2025-02-11,2024-11-28,427
687,Cheese,Dairy & Eggs,104.26,2024-02-13,2024-10-05,2024-11-28,735
688,Yogurt,Dairy & Eggs,103.92,2024-05-12,2024-07-22,2024-11-28,86
689,Milk,Dairy & Eggs,107.18,2024-02-19,2024-05-18,2024-11-28,395
690,Milk,Dairy & Eggs,114.23,2024-11-12,2025-02-16,2024-11-28,684
691,Dish Soap,Household Supplies,133.69,2024-06-10,2025-04-20,2024-11-28,914
692,Potato,Fruits & Vegetables,108.26,2024-09-06,2024-12-07,2024-11-28,524
693,Shrimp,Meat & Seafood,122.48,2024-10-04,2025-09-15,2024-11-28,81
694,Paper Towels,Household Supplies,122.92,2024-02-01,2024-10-03,2024-11-28,907
695,Candy Bar,Snacks,146.03,2024-05-06,2024-08-13,2024-11-28,122
696,Shrimp,Meat & Seafood,121.53,2024-06-12,2025-05-14,2024-11-28,862
697,Tea,Beverages,138.03,2024-02-24,2024-12-10,2024-11-28,291
698,Tomato,Fruits & Vegetables,101.25,2024-08-15,2025-06-25,2024-11-28,901
699,Apple,Fruits & Vegetables,143.75,2024-10-03,2025-06-11,2024-11-28,187
700,Cake,Bakery,108.37,2024-04-24,2024-07-20,2024-11-28,359
701,Orange Juice,Beverages,128.31,2024-01-05,2024-07-13,2024-11-28,715
702,Cookies,Snacks,123.35,2024-06-07,2024-10-03,2024-11-28,946
703,Lettuce,Fruits & Vegetables,119.81,2024-05-18,2024-08-12,2024-11-28,802
704,Pork Chop,Meat & Seafood,130.42,2024-02-08,2024-06-21,2024-11-28,514
705,Tea,Beverages,125.73,2024-10-11,2025-09-04,2024-11-28,802
706,Yogurt,Dairy & Eggs,116.14,2024-08-16,2025-05-27,2024-11-28,326
707,Apple,Fruits & Vegetables,107.51,2024-05-20,2024-10-10,2024-11-28,231
708,Popcorn,Snacks,105.59,2023-12-01,2024-09-26,2024-11-28,776
709,Pork Chop,Meat & Seafood,101.51,2024-08-06,2025-06-23,2024-11-28,852
710,Coffee,Beverages,120.40,2024-10-11,2025-01-18,2024-11-28,153
711,Laundry Detergent,Household Supplies,142.46,2024-11-18,2025-05-10,2024-11-28,211
712,Butter,Dairy & Eggs,132.28,2024-02-10,2024-06-18,2024-11-28,787
713,Yogurt,Dairy & Eggs,139.75,2024-08-07,2025-07-05,2024-11-28,182
714,Banana,Fruits & Vegetables,100.51,2024-03-23,2024-05-31,2024-11-28,851
715,Laundry Detergent,Household Supplies,146.61,2024-06-07,2025-04-10,2024-11-28,908
716,Lettuce,Fruits & Vegetables,145.78,2024-06-23,2024-09-16,2024-11-28,121
717,Popcorn,Snacks,119.78,2024-07-08,2025-01-30,2024-11-28,313
718,Pork Chop,Meat & Seafood,107.09,2023-12-08,2024-11-06,2024-11-28,32
719,Deodorant,Personal Care,115.76,2024-11-25,2025-05-26,2024-11-28,721
720,Soda,Beverages,107.89,2024-05-27,2024-07-28,2024-11-28,706
721,Paper Towels,Household Supplies,119.73,2024-10-22,2025-07-10,2024-11-28,566
722,Soap,Personal Care,141.52,2024-11-06,2025-04-21,2024-11-28,250
723,Bottled Water,Beverages,104.73,2024-09-16,2025-07-07,2024-11-28,678
724,Lettuce,Fruits & Vegetables,132.06,2023-12-05,2024-07-29,2024-11-28,428
725,Orange Juice,Beverages,141.09,2024-03-03,2024-07-08,2024-11-28,650
726,Carrot,Fruits & Vegetables,122.28,2024-02-10,2024-07-28,2024-11-28,620
727,Butter,Dairy & Eggs,114.87,2024-03-24,2024-10-28,2024-11-28,144
728,Bagel,Bakery,116.43,2024-02-16,2024-07-25,2024-11-28,882
729,Toothpaste,Personal Care,149.09,2024-08-23,2024-11-08,2024-11-28,221
730,Bottled Water,Beverages,144.57,2024-07-09,2025-02-25,2024-11-28,736
731,Muffin,Bakery,138.62,2024-08-16,2024-10-25,2024-11-28,30
732,Soap,Personal Care,133.87,2024-05-24,2024-08-08,2024-11-28,150
733,Deodorant,Personal Care,127.48,2024-03-27,2024-09-08,2024-11-28,451
734,Trash Bags,Household Supplies,130.71,2024-10-30,2025-10-12,2024-11-28,688
735,Pork Chop,Meat & Seafood,114.23,2024-05-10,2024-06-30,2024-11-28,388
736,Apple,Fruits & Vegetables,108.98,2024-03-28,2025-03-27,2024-11-28,771
737,Deodorant,Personal Care,142.00,2024-07-31,2024-10-10,2024-11-28,323
738,Candy Bar,Snacks,139.72,2024-08-11,2025-07-26,2024-11-28,818
739,Bagel,Bakery,113.12,2024-07-09,2024-09-25,2024-11-28,323
740,Soap,Personal Care,115.37,2023-12-01,2024-04-14,2024-11-28,488
741,Eggs,Dairy & Eggs,138.62,2024-05-17,2025-03-09,2024-11-28,497
742,Pork Chop,Meat & Seafood,111.93,2024-04-02,2024-08-12,2024-11-28,363
743,Bottled Water,Beverages,117.59,2024-02-21,2024-08-19,2024-11-28,156
744,Butter,Dairy & Eggs,112.42,2024-02-19,2024-09-18,2024-11-28,871
745,Yogurt,Dairy & Eggs,145.43,2023-12-22,2024-08-12,2024-11-28,338
746,Shrimp,Meat & Seafood,142.56,2024-02-13,2024-06-29,2024-11-28,308
747,Milk,Dairy & Eggs,111.43,2024-05-20,2024-06-27,2024-11-28,916
748,Banana,Fruits & Vegetables,134.18,2024-04-02,2024-09-29,2024-11-28,633
749,Muffin,Bakery,116.73,2024-10-27,2024-12-04,2024-11-28,398
750,Pork Chop,Meat & Seafood,129.31,2024-02-05,2025-01-08,2024-11-28,140
751,Soap,Personal Care,137.21,2024-02-11,2024-08-31,2024-11-28,82
752,Ground Beef,Meat & Seafood,106.21,2024-04-17,2024-11-15,2024-11-28,939
753,Candy Bar,Snacks,128.27,2024-07-22,2024-09-18,2024-11-28,259
754,Cheese,Dairy & Eggs,139.37,2023-12-11,2024-12-03,2024-11-28,910
755,Eggs,Dairy & Eggs,143.31,2024-06-17,2025-01-10,2024-11-28,627
756,Granola Bar,Snacks,101.35,2023-12-22,2024-05-24,2024-11-28,438
757,Cheese,Dairy & Eggs,132.13,2024-01-15,2024-02-17,2024-11-28,302
758,Bread Loaf,Bakery,111.98,2023-12-14,2024-06-06,2024-11-28,472
759,Candy Bar,Snacks,135.78,2024-03-18,2024-07-29,2024-11-28,958
760,Muffin,Bakery,122.26,2024-04-02,2024-05-21,2024-11-28,492
761,Orange Juice,Beverages,106.76,2024-03-16,2024-05-17,2024-11-28,881
762,Toothpaste,Personal Care,148.09,2024-04-18,2024-07-10,2024-11-28,15
763,Coffee,Beverages,113.93,2024-04-08,2025-02-16,2024-11-28,63
764,Cheese,Dairy & Eggs,101.48,2023-12-17,2024-12-03,2024-11-28,392
765,Cake,Bakery,114.31,2024-08-30,2025-08-30,2024-11-28,460
766,Butter,Dairy & Eggs,134.65,2024-10-04,2025-10-01,2024-11-28,546
767,Tea,Beverages,108.96,2024-09-27,2025-05-09,2024-11-28,722
768,Butter,Dairy & Eggs,112.00,2024-02-08,2024-03-28,2024-11-28,203
769,Trash Bags,Household Supplies,121.87,2024-09-07,2024-11-19,2024-11-28,249
770,Cookies,Snacks,144.63,2024-10-30,2025-03-25,2024-11-28,567
771,Granola Bar,Snacks,125.56,2024-10-20,2024-12-25,2024-11-28,747
772,Banana,Fruits & Vegetables,118.67,2024-07-21,2025-07-19,2024-11-28,387
773,Cookies,Snacks,100.87,2024-08-18,2025-02-25,2024-11-28,166
774,Tea,Beverages,136.57,2024-07-22,2024-12-01,2024-11-28,348
775,Lotion,Personal Care,124.00,2024-08-24,2025-02-12,2024-11-28,850
776,Carrot,Fruits & Vegetables,101.90,2024-01-25,2024-09-29,2024-11-28,339
777,Milk,Dairy & Eggs,101.17,2024-03-09,2024-10-23,2024-11-28,293
778,Tomato,Fruits & Vegetables,126.39,2024-06-09,2024-09-24,2024-11-28,265
779,Milk,Dairy & Eggs,109.34,2024-02-09,2024-06-26,2024-11-28,531
780,Milk,Dairy & Eggs,119.67,2024-07-29,2025-04-05,2024-11-28,345
781,Chicken Breast,Meat & Seafood,103.37,2024-04-05,2025-01-08,2024-11-28,895
782,Lettuce,Fruits & Vegetables,104.45,2024-03-05,2024-09-18,2024-11-28,983
783,Coffee,Beverages,148.00,2024-06-29,2025-01-17,2024-11-28,264
784,Soap,Personal Care,111.00,2024-06-15,2024-12-11,2024-11-28,520
785,Granola Bar,Snacks,107.59,2024-05-11,2024-06-27,2024-11-28,308
786,Chicken Breast,Meat & Seafood,108.71,2024-10-13,2024-11-25,2024-11-28,182
787,Pork Chop,Meat & Seafood,109.25,2024-06-30,2025-03-24,2024-11-28,876
788,Ground Beef,Meat & Seafood,143.46,2023-12-29,2024-02-09,2024-11-28,209
789,Tea,Beverages,127.43,2024-02-23,2025-01-26,2024-11-28,722
790,Eggs,Dairy & Eggs,117.31,2024-08-08,2025-03-15,2024-11-28,263
791,Chicken Breast,Meat & Seafood,107.81,2024-02-21,2024-09-29,2024-11-28,969
792,Soap,Personal Care,119.34,2024-06-11,2024-10-07,2024-11-28,325
793,Orange Juice,Beverages,103.48,2024-02-15,2024-05-16,2024-11-28,842
794,Muffin,Bakery,105.42,2024-06-09,2025-04-11,2024-11-28,968
795,Banana,Fruits & Vegetables,138.96,2024-03-15,2024-06-09,2024-11-28,512
796,Muffin,Bakery,147.81,2024-07-16,2025-02-20,2024-11-28,747
797,Soap,Personal Care,115.39,2023-12-08,2024-01-24,2024-11-28,611
798,Muffin,Bakery,136.72,2024-04-03,2024-08-12,2024-11-28,361
799,Tomato,Fruits & Vegetables,131.25,2024-09-08,2024-12-22,2024-11-28,858
800,Orange Juice,Beverages,136.03,2024-04-05,2025-01-28,2024-11-28,797
