ID,Name,Category,Price,Stock Date,End Date,Price Update Date,Stock
1,Soda,Beverages,32.39,2024-06-29,2024-09-11,2024-08-14,200
2,Pork Chop,Meat & Seafood,27.72,2024-09-13,2025-05-10,2025-04-02,477
3,Yogurt,Dairy & Eggs,33.47,2024-04-29,2024-06-19,2024-05-28,947
4,Laundry Detergent,Household Supplies,27.14,2024-11-20,2025-07-06,2025-06-09,283
5,Chicken Breast,Meat & Seafood,35.39,2024-09-23,2025-08-16,2025-03-11,420
6,Orange Juice,Beverages,21.04,2024-11-19,2025-02-16,2024-12-19,436
7,Ground Beef,Meat & Seafood,10.69,2024-10-08,2024-12-31,2024-11-19,707
8,Deodorant,Personal Care,21.88,2024-08-22,2025-08-04,2025-02-28,851
9,Popcorn,Snacks,8.73,2024-08-03,2024-11-21,2024-10-01,802
10,Potato,Fruits & Vegetables,20.7,2024-07-02,2025-06-10,2024-09-20,369
11,Potato,Fruits & Vegetables,48.46,2023-12-07,2024-09-27,2024-07-22,742
12,Cake,Bakery,1.22,2024-02-29,2025-01-21,2025-01-04,436
13,Paper Towels,Household Supplies,29.45,2023-12-13,2024-11-21,2024-08-03,204
14,Salmon Fillet,Meat & Seafood,6.27,2024-02-13,2024-12-08,2024-10-11,951
15,Yogurt,Dairy & Eggs,4.33,2024-05-31,2025-05-19,2024-07-28,373
16,Granola Bar,Snacks,15.88,2024-10-22,2025-08-30,2025-04-03,664
17,Cheese,Dairy & Eggs,49.32,2024-09-05,2024-12-28,2024-12-14,593
18,Cake,Bakery,39.7,2024-10-31,2025-09-26,2025-08-07,437
19,Bottled Water,Beverages,47.4,2024-09-16,2025-02-03,2024-09-30,404
20,Milk,Dairy & Eggs,12.13,2024-11-12,2025-04-20,2025-03-14,546
21,Cheese,Dairy & Eggs,38.69,2024-07-01,2025-06-15,2024-09-05,71
22,Dish Soap,Household Supplies,19.46,2024-03-26,2024-05-21,2024-05-09,962
23,Toothpaste,Personal Care,29.83,2024-01-02,2024-09-08,2024-04-16,102
24,Salmon Fillet,Meat & Seafood,4.07,2024-06-06,2024-11-02,2024-10-15,731
25,Carrot,Fruits & Vegetables,16.96,2024-09-21,2025-02-27,2024-12-24,599
26,Bagel,Bakery,42.24,2024-03-23,2025-02-22,2024-06-06,739
27,Laundry Detergent,Household Supplies,23.65,2024-10-15,2025-07-29,2025-03-16,278
28,Dish Soap,Household Supplies,42.46,2024-11-14,2025-10-31,2025-05-08,402
29,Cheese,Dairy & Eggs,1.51,2024-08-16,2025-05-17,2024-11-29,643
30,Apple,Fruits & Vegetables,38.88,2024-02-15,2025-02-07,2024-04-04,765
31,Croissant,Bakery,21.88,2024-07-14,2025-04-20,2025-02-21,798
32,Lettuce,Fruits & Vegetables,21.7,2024-08-26,2025-08-01,2024-12-27,438
33,Orange Juice,Beverages,30.93,2024-08-13,2025-01-07,2024-10-25,607
34,Carrot,Fruits & Vegetables,9.76,2024-01-05,2024-12-21,2024-01-24,727
35,Orange Juice,Beverages,10.33,2024-09-20,2025-07-20,2025-05-12,73
36,Shrimp,Meat & Seafood,24.68,2024-11-28,2025-01-06,2024-12-10,496
37,Granola Bar,Snacks,3.34,2024-09-15,2025-07-11,2024-10-21,620
38,Eggs,Dairy & Eggs,8.35,2024-07-31,2024-09-14,2024-08-07,277
39,Cake,Bakery,19.26,2024-08-21,2025-02-03,2025-01-19,237
40,Chips,Snacks,15.33,2024-03-02,2024-12-01,2024-03-23,382
41,Croissant,Bakery,46.16,2024-10-24,2025-01-01,2024-11-04,391
42,Milk,Dairy & Eggs,29.4,2024-08-14,2025-06-14,2025-05-14,625
43,Bottled Water,Beverages,35.44,2024-04-29,2024-11-06,2024-06-05,766
44,Bread Loaf,Bakery,47.88,2024-03-22,2024-04-30,2024-04-08,855
45,Shampoo,Personal Care,49.8,2024-05-14,2024-09-08,2024-05-17,270
46,Coffee,Beverages,25.32,2024-08-11,2025-06-28,2024-12-12,759
47,Orange Juice,Beverages,14.06,2024-03-04,2024-07-05,2024-04-10,709
48,Bread Loaf,Bakery,34.22,2024-06-29,2025-06-14,2024-08-12,409
49,Cheese,Dairy & Eggs,29.94,2024-04-16,2024-10-11,2024-09-19,426
50,Chips,Snacks,17.26,2024-05-08,2024-10-29,2024-08-13,634
51,Deodorant,Personal Care,19.22,2024-06-09,2025-05-14,2024-08-27,923
52,Yogurt,Dairy & Eggs,3.52,2024-09-01,2024-10-02,2024-09-04,100
53,Yogurt,Dairy & Eggs,32.98,2024-03-21,2024-08-14,2024-07-29,819
54,Tea,Beverages,37.59,2024-11-03,2025-01-30,2024-12-18,518
55,Croissant,Bakery,12.41,2024-03-21,2025-03-14,2024-07-21,11
56,Soda,Beverages,39.97,2024-04-26,2025-01-29,2024-12-23,262
57,Coffee,Beverages,42.2,2024-05-11,2024-08-11,2024-05-27,642
58,Orange Juice,Beverages,3.45,2024-01-13,2024-07-12,2024-06-27,674
59,Cake,Bakery,43.11,2024-09-24,2025-08-18,2025-08-16,866
60,Muffin,Bakery,10.89,2024-03-14,2025-03-02,2024-08-15,41
61,Soap,Personal Care,24.8,2024-03-04,2025-01-06,2024-10-12,567
62,Ground Beef,Meat & Seafood,33.26,2024-03-29,2024-09-06,2024-08-06,378
63,Banana,Fruits & Vegetables,14.18,2024-02-27,2024-07-22,2024-05-09,562
64,Cake,Bakery,32.26,2024-11-21,2025-03-28,2025-01-26,590
65,Yogurt,Dairy & Eggs,28.85,2024-11-26,2025-08-17,2025-05-24,103
66,Pork Chop,Meat & Seafood,35.12,2024-02-02,2024-11-06,2024-05-29,194
67,Croissant,Bakery,33.3,2024-02-18,2025-01-21,2024-10-18,617
68,Bagel,Bakery,24.08,2024-03-04,2024-07-30,2024-04-30,720
69,Toothpaste,Personal Care,12.71,2024-03-17,2024-07-03,2024-04-09,521
70,Coffee,Beverages,48.91,2024-02-27,2024-12-17,2024-09-12,564
71,Orange Juice,Beverages,21.25,2023-12-25,2024-03-01,2024-02-06,377
72,Carrot,Fruits & Vegetables,41.53,2024-02-22,2024-05-17,2024-03-11,591
73,Granola Bar,Snacks,0.96,2024-06-19,2025-06-10,2024-07-16,944
74,Coffee,Beverages,22.93,2024-03-23,2024-10-15,2024-05-28,392
75,Laundry Detergent,Household Supplies,46.79,2024-01-28,2024-05-24,2024-02-18,539
76,Coffee,Beverages,18.84,2024-03-22,2024-08-18,2024-04-19,150
77,Deodorant,Personal Care,47.97,2024-05-05,2024-08-22,2024-06-09,502
78,Muffin,Bakery,22.69,2024-05-04,2024-12-20,2024-07-02,328
79,Pork Chop,Meat & Seafood,10.24,2024-02-25,2024-09-24,2024-04-28,404
80,Shampoo,Personal Care,15.37,2024-09-28,2025-09-12,2025-07-31,938
81,Croissant,Bakery,11.66,2024-06-01,2025-02-01,2024-06-12,890
82,Muffin,Bakery,38.41,2024-05-02,2024-06-23,2024-05-08,951
83,Muffin,Bakery,37.86,2024-02-13,2024-10-16,2024-09-06,448
84,Carrot,Fruits & Vegetables,41.91,2024-04-28,2024-08-21,2024-07-16,529
85,Bottled Water,Beverages,21.25,2024-08-08,2024-10-27,2024-08-22,188
86,Tomato,Fruits & Vegetables,46.0,2024-09-07,2024-11-30,2024-11-21,110
87,Bread Loaf,Bakery,13.42,2024-11-23,2025-02-09,2025-01-13,636
88,Cookies,Snacks,15.25,2024-05-23,2025-03-13,2024-10-04,343
89,Soap,Personal Care,18.25,2024-05-09,2025-03-04,2024-05-22,978
90,Dish Soap,Household Supplies,40.09,2024-08-30,2025-05-23,2025-04-07,324
91,Yogurt,Dairy & Eggs,44.97,2023-12-31,2024-12-11,2024-08-08,539
92,Potato,Fruits & Vegetables,48.34,2024-07-15,2025-03-08,2024-12-10,522
93,Soda,Beverages,6.69,2024-03-25,2025-01-22,2024-05-07,808
94,Yogurt,Dairy & Eggs,43.76,2024-03-16,2024-07-27,2024-07-03,710
95,Yogurt,Dairy & Eggs,42.14,2024-08-31,2025-06-03,2024-11-26,788
96,Orange Juice,Beverages,15.36,2024-11-07,2025-03-25,2025-02-26,64
97,Ground Beef,Meat & Seafood,2.95,2024-09-11,2024-12-02,2024-09-12,80
98,Yogurt,Dairy & Eggs,17.71,2024-06-03,2025-05-23,2024-07-21,317
99,Laundry Detergent,Household Supplies,7.98,2024-03-31,2024-09-08,2024-04-01,546
100,Pork Chop,Meat & Seafood,42.34,2024-07-18,2024-09-29,2024-08-17,269
101,Deodorant,Personal Care,49.5,2024-02-27,2025-01-30,2024-11-22,139
102,Banana,Fruits & Vegetables,48.75,2024-09-12,2025-04-21,2024-11-25,686
103,Banana,Fruits & Vegetables,42.45,2024-04-25,2025-01-29,2025-01-28,948
104,Banana,Fruits & Vegetables,30.04,2024-02-16,2024-10-03,2024-04-29,553
105,Tomato,Fruits & Vegetables,15.22,2024-05-15,2025-01-22,2024-11-08,67
106,Tomato,Fruits & Vegetables,9.26,2024-03-02,2024-06-08,2024-03-12,270
107,Butter,Dairy & Eggs,10.18,2024-01-16,2024-12-12,2024-11-05,154
108,Butter,Dairy & Eggs,29.87,2024-04-05,2024-09-14,2024-07-29,239
109,Ground Beef,Meat & Seafood,44.38,2024-08-21,2024-11-04,2024-09-21,966
110,Carrot,Fruits & Vegetables,31.46,2024-09-03,2024-10-15,2024-09-20,5
111,Tea,Beverages,1.2,2024-09-09,2025-08-21,2025-02-28,676
112,Granola Bar,Snacks,37.77,2024-11-07,2024-12-28,2024-11-18,17
113,Soap,Personal Care,6.87,2024-01-29,2024-07-24,2024-06-24,286
114,Deodorant,Personal Care,11.76,2023-11-30,2024-01-24,2024-01-22,434
115,Butter,Dairy & Eggs,13.24,2024-03-15,2024-05-25,2024-04-23,740
116,Shampoo,Personal Care,4.99,2024-03-28,2024-08-27,2024-07-28,919
117,Popcorn,Snacks,13.97,2024-08-16,2025-07-24,2024-08-20,843
118,Yogurt,Dairy & Eggs,13.46,2024-08-25,2025-01-19,2024-10-15,656
119,Candy Bar,Snacks,33.4,2024-10-30,2025-02-02,2024-12-05,210
120,Bottled Water,Beverages,25.29,2024-06-08,2024-11-23,2024-10-31,957
121,Bagel,Bakery,41.11,2024-01-27,2024-07-23,2024-02-07,816
122,Bread Loaf,Bakery,13.83,2024-06-01,2024-10-25,2024-07-03,238
123,Toothpaste,Personal Care,49.86,2024-08-30,2025-06-05,2024-10-06,855
124,Shrimp,Meat & Seafood,49.31,2023-12-02,2024-06-11,2024-02-25,565
125,Bread Loaf,Bakery,26.93,2024-04-11,2024-09-22,2024-06-09,207
126,Carrot,Fruits & Vegetables,28.44,2024-04-24,2025-02-02,2025-01-07,27
127,Coffee,Beverages,18.38,2024-04-30,2024-07-04,2024-05-05,786
128,Apple,Fruits & Vegetables,36.97,2023-12-11,2024-09-18,2023-12-23,95
129,Lettuce,Fruits & Vegetables,31.85,2024-01-14,2024-11-13,2024-08-16,161
130,Tomato,Fruits & Vegetables,8.93,2024-08-13,2025-08-06,2025-03-26,938
131,Muffin,Bakery,18.79,2024-02-06,2024-05-18,2024-05-02,568
132,Paper Towels,Household Supplies,44.18,2024-06-25,2025-05-24,2025-01-31,622
133,Paper Towels,Household Supplies,1.4,2023-12-10,2024-09-28,2024-08-31,604
134,Eggs,Dairy & Eggs,14.95,2024-07-30,2024-10-30,2024-09-10,753
135,Chicken Breast,Meat & Seafood,38.22,2024-03-08,2024-07-30,2024-03-19,764
136,Soap,Personal Care,0.55,2024-08-28,2024-12-27,2024-09-04,425
137,Carrot,Fruits & Vegetables,24.2,2024-08-10,2025-06-07,2025-04-21,790
138,Trash Bags,Household Supplies,8.06,2024-04-11,2024-05-22,2024-04-16,186
139,Coffee,Beverages,19.77,2024-06-04,2024-09-06,2024-07-21,366
140,Cake,Bakery,38.77,2024-11-15,2025-01-15,2024-12-22,113
141,Paper Towels,Household Supplies,23.13,2024-07-16,2025-02-13,2024-08-16,525
142,Muffin,Bakery,21.24,2024-04-27,2024-09-03,2024-06-21,657
143,Pork Chop,Meat & Seafood,32.84,2024-10-02,2025-06-27,2024-11-15,235
144,Candy Bar,Snacks,27.52,2023-12-05,2024-08-09,2024-05-27,603
145,Tea,Beverages,44.77,2024-08-13,2024-11-21,2024-09-03,231
146,Muffin,Bakery,31.49,2024-04-01,2024-09-23,2024-08-03,899
147,Candy Bar,Snacks,9.98,2024-02-25,2024-09-20,2024-06-15,883
148,Shampoo,Personal Care,18.03,2024-03-15,2025-01-10,2024-08-06,646
149,Dish Soap,Household Supplies,26.75,2024-04-15,2024-07-24,2024-05-24,246
150,Paper Towels,Household Supplies,32.82,2024-10-17,2025-07-04,2024-12-13,780
151,Lotion,Personal Care,29.69,2024-04-19,2025-02-25,2024-06-06,862
152,Carrot,Fruits & Vegetables,15.89,2024-01-22,2024-10-04,2024-06-20,404
153,Croissant,Bakery,43.34,2024-08-02,2024-09-30,2024-08-10,262
154,Carrot,Fruits & Vegetables,45.13,2024-10-01,2025-05-28,2025-04-11,100
155,Yogurt,Dairy & Eggs,47.87,2024-01-24,2024-03-13,2024-02-29,682
156,Bagel,Bakery,15.72,2024-10-14,2025-02-26,2024-11-01,694
157,Cheese,Dairy & Eggs,48.61,2024-05-10,2024-10-13,2024-08-27,163
158,Croissant,Bakery,23.8,2024-02-02,2024-06-27,2024-03-13,819
159,Milk,Dairy & Eggs,45.25,2024-03-29,2024-11-25,2024-06-07,420
160,Tea,Beverages,40.05,2024-08-22,2024-11-26,2024-09-07,100
161,Chips,Snacks,27.91,2024-02-29,2024-09-04,2024-07-22,938
162,Pork Chop,Meat & Seafood,38.02,2023-12-08,2024-06-04,2024-01-21,774
163,Tea,Beverages,15.38,2024-11-16,2025-09-26,2025-03-09,313
164,Bottled Water,Beverages,33.93,2024-02-20,2024-12-09,2024-03-07,220
165,Lotion,Personal Care,21.21,2024-01-20,2024-03-26,2024-01-23,267
166,Potato,Fruits & Vegetables,21.73,2024-04-25,2025-01-21,2024-07-28,134
167,Lotion,Personal Care,35.99,2024-06-28,2025-02-18,2024-08-30,85
168,Granola Bar,Snacks,39.43,2024-07-16,2025-02-13,2024-09-24,462
169,Bagel,Bakery,8.75,2024-07-20,2024-10-15,2024-07-25,117
170,Dish Soap,Household Supplies,44.49,2024-01-16,2024-08-08,2024-06-11,478
171,Dish Soap,Household Supplies,18.03,2024-05-08,2024-06-07,2024-05-27,864
172,Trash Bags,Household Supplies,33.31,2023-12-07,2024-04-13,2024-03-10,460
173,Pork Chop,Meat & Seafood,41.76,2024-08-06,2025-02-11,2024-12-04,374
174,Popcorn,Snacks,0.73,2024-01-11,2025-01-03,2024-06-13,423
175,Cake,Bakery,33.3,2024-05-24,2024-12-20,2024-10-14,787
176,Bottled Water,Beverages,31.83,2024-01-12,2024-09-19,2024-07-04,94
177,Trash Bags,Household Supplies,15.21,2024-11-14,2025-03-23,2024-12-24,566
178,Lettuce,Fruits & Vegetables,25.58,2024-10-21,2025-09-16,2024-10-23,367
179,Toothpaste,Personal Care,26.92,2024-04-07,2024-05-28,2024-05-10,826
180,Trash Bags,Household Supplies,20.33,2024-01-13,2024-08-18,2024-01-20,383
181,Bagel,Bakery,32.06,2024-07-30,2025-04-25,2024-10-18,189
182,Toothpaste,Personal Care,46.62,2024-06-17,2024-12-20,2024-08-07,763
183,Ground Beef,Meat & Seafood,44.7,2024-04-06,2024-05-20,2024-04-28,186
184,Apple,Fruits & Vegetables,20.72,2024-01-18,2024-09-22,2024-09-09,742
185,Muffin,Bakery,15.29,2024-02-05,2024-11-23,2024-06-18,330
186,Salmon Fillet,Meat & Seafood,13.3,2024-10-15,2025-06-25,2024-11-26,995
187,Toothpaste,Personal Care,10.67,2024-09-11,2025-06-24,2025-03-03,533
188,Bagel,Bakery,2.73,2024-05-20,2024-10-13,2024-06-30,934
189,Banana,Fruits & Vegetables,37.3,2024-05-27,2024-07-19,2024-07-14,856
190,Croissant,Bakery,28.52,2023-12-21,2024-03-12,2024-01-05,60
191,Trash Bags,Household Supplies,4.14,2024-02-23,2024-12-18,2024-11-06,932
192,Chips,Snacks,6.55,2024-01-09,2024-12-30,2024-08-02,604
193,Salmon Fillet,Meat & Seafood,11.89,2024-06-23,2024-10-07,2024-09-23,65
194,Coffee,Beverages,22.27,2024-08-02,2025-02-09,2024-08-30,990
195,Tea,Beverages,33.32,2024-06-26,2025-02-14,2024-10-01,579
196,Chicken Breast,Meat & Seafood,7.7,2024-07-02,2025-01-26,2024-10-08,52
197,Popcorn,Snacks,39.81,2024-07-31,2024-11-06,2024-09-18,885
198,Muffin,Bakery,38.22,2024-01-19,2024-07-30,2024-05-29,696
199,Trash Bags,Household Supplies,24.38,2024-04-16,2025-03-20,2024-07-15,331
200,Potato,Fruits & Vegetables,34.27,2024-08-30,2025-05-15,2025-01-17,728
201,Trash Bags,Household Supplies,5.14,2024-03-15,2024-10-01,2024-08-23,397
202,Carrot,Fruits & Vegetables,40.8,2024-04-28,2024-07-30,2024-05-22,465
203,Paper Towels,Household Supplies,34.01,2024-02-06,2024-06-14,2024-02-26,502
204,Eggs,Dairy & Eggs,18.34,2024-10-24,2025-07-27,2025-04-12,390
205,Ground Beef,Meat & Seafood,11.39,2024-09-19,2025-03-27,2025-02-04,886
206,Potato,Fruits & Vegetables,4.42,2024-02-20,2024-06-04,2024-04-21,932
207,Apple,Fruits & Vegetables,31.8,2024-08-02,2024-10-31,2024-09-26,399
208,Ground Beef,Meat & Seafood,41.08,2024-04-14,2025-02-23,2024-06-05,887
209,Laundry Detergent,Household Supplies,49.11,2024-02-16,2024-05-23,2024-03-14,214
210,Carrot,Fruits & Vegetables,12.87,2024-05-19,2025-05-13,2025-04-16,562
211,Paper Towels,Household Supplies,13.89,2024-07-09,2024-09-11,2024-08-26,783
212,Muffin,Bakery,10.21,2024-03-08,2024-12-29,2024-07-10,869
213,Coffee,Beverages,29.46,2024-11-15,2025-03-02,2025-02-28,568
214,Lotion,Personal Care,18.29,2024-11-03,2025-10-26,2024-12-28,57
215,Granola Bar,Snacks,8.87,2024-04-08,2024-05-11,2024-05-05,219
216,Laundry Detergent,Household Supplies,47.15,2024-07-13,2025-01-24,2025-01-07,718
217,Cake,Bakery,42.42,2023-12-18,2024-10-03,2024-04-06,494
218,Soda,Beverages,20.64,2024-07-07,2024-12-10,2024-12-10,868
219,Chicken Breast,Meat & Seafood,34.98,2024-03-10,2025-01-23,2024-05-20,324
220,Pork Chop,Meat & Seafood,43.26,2024-11-01,2025-05-06,2025-01-07,725
221,Cake,Bakery,12.37,2024-10-23,2025-07-19,2025-05-03,770
222,Cake,Bakery,44.55,2024-02-28,2024-08-12,2024-07-09,633
223,Cake,Bakery,20.69,2024-09-23,2025-05-12,2025-03-31,13
224,Laundry Detergent,Household Supplies,34.36,2024-04-17,2024-07-24,2024-07-19,538
225,Bread Loaf,Bakery,16.34,2024-09-28,2025-04-20,2025-03-06,1000
226,Trash Bags,Household Supplies,34.91,2024-02-20,2024-11-30,2024-06-22,86
227,Muffin,Bakery,9.73,2024-06-08,2025-01-14,2024-08-14,780
228,Popcorn,Snacks,43.79,2024-08-03,2025-02-12,2024-08-24,4
229,Croissant,Bakery,39.69,2024-08-03,2025-03-29,2024-12-15,951
230,Chips,Snacks,44.52,2024-11-20,2025-06-22,2025-02-12,972
231,Candy Bar,Snacks,11.54,2024-06-25,2025-06-08,2024-10-20,544
232,Pork Chop,Meat & Seafood,31.21,2024-08-16,2024-11-02,2024-09-01,33
233,Tea,Beverages,43.53,2024-03-14,2024-07-02,2024-03-26,534
234,Toothpaste,Personal Care,34.44,2024-09-29,2025-09-03,2024-12-01,797
235,Chicken Breast,Meat & Seafood,40.98,2024-10-23,2025-06-05,2024-12-25,460
236,Cheese,Dairy & Eggs,3.17,2024-03-27,2025-03-07,2025-03-01,188
237,Tomato,Fruits & Vegetables,30.75,2024-07-27,2025-05-28,2024-11-19,497
238,Carrot,Fruits & Vegetables,0.91,2024-02-14,2024-12-01,2024-03-12,979
239,Candy Bar,Snacks,20.72,2024-07-22,2025-02-17,2024-08-21,806
240,Butter,Dairy & Eggs,45.01,2024-08-02,2025-07-07,2025-03-09,467
241,Shrimp,Meat & Seafood,43.69,2024-11-02,2025-06-16,2025-03-26,203
242,Lettuce,Fruits & Vegetables,32.44,2023-12-24,2024-08-06,2023-12-29,978
243,Milk,Dairy & Eggs,13.13,2024-10-06,2025-06-30,2025-01-02,231
244,Lotion,Personal Care,25.2,2024-08-14,2025-01-11,2024-10-30,310
245,Bread Loaf,Bakery,36.28,2023-12-27,2024-08-15,2024-01-27,259
246,Banana,Fruits & Vegetables,19.31,2024-10-15,2025-01-16,2024-10-26,899
247,Lotion,Personal Care,1.02,2024-04-23,2024-07-04,2024-05-14,870
248,Apple,Fruits & Vegetables,29.51,2024-08-31,2025-04-01,2024-09-27,151
249,Lettuce,Fruits & Vegetables,48.79,2024-08-11,2024-12-04,2024-10-27,774
250,Butter,Dairy & Eggs,43.72,2024-04-19,2025-02-14,2024-06-24,106
251,Soap,Personal Care,11.14,2024-08-22,2025-01-26,2024-10-23,780
252,Coffee,Beverages,4.35,2024-06-12,2025-03-13,2024-11-30,742
253,Cake,Bakery,42.09,2024-02-26,2025-02-04,2024-03-14,559
254,Granola Bar,Snacks,19.25,2024-06-15,2024-12-28,2024-09-07,430
255,Carrot,Fruits & Vegetables,22.05,2024-11-23,2025-08-30,2024-12-13,155
256,Cheese,Dairy & Eggs,24.31,2024-01-22,2024-10-15,2024-09-10,801
257,Deodorant,Personal Care,35.94,2023-12-26,2024-11-04,2024-11-04,913
258,Trash Bags,Household Supplies,43.37,2024-10-15,2025-01-06,2024-12-01,338
259,Coffee,Beverages,48.38,2024-06-26,2025-04-24,2024-11-21,407
260,Shrimp,Meat & Seafood,41.0,2024-07-31,2024-12-06,2024-08-28,535
261,Croissant,Bakery,18.22,2024-08-15,2025-05-08,2024-08-27,151
262,Apple,Fruits & Vegetables,20.34,2024-03-16,2024-09-09,2024-05-30,215
263,Chips,Snacks,35.3,2024-04-02,2024-12-01,2024-10-25,252
264,Eggs,Dairy & Eggs,33.44,2024-05-17,2024-12-21,2024-11-04,364
265,Bagel,Bakery,41.85,2024-06-08,2024-08-26,2024-08-04,447
266,Tomato,Fruits & Vegetables,28.86,2023-12-31,2024-10-03,2024-03-21,705
267,Coffee,Beverages,28.78,2024-09-25,2025-04-24,2024-10-02,428
268,Chips,Snacks,18.96,2024-09-26,2025-03-11,2025-01-05,416
269,Carrot,Fruits & Vegetables,46.28,2024-01-25,2024-07-22,2024-06-20,461
270,Toothpaste,Personal Care,45.27,2024-01-18,2024-03-29,2024-01-31,805
271,Salmon Fillet,Meat & Seafood,23.8,2024-09-19,2025-05-15,2024-10-21,630
272,Ground Beef,Meat & Seafood,12.28,2024-03-27,2024-06-06,2024-04-16,175
273,Bread Loaf,Bakery,4.18,2024-05-05,2024-11-09,2024-07-19,252
274,Coffee,Beverages,33.12,2024-08-18,2024-09-19,2024-09-12,436
275,Dish Soap,Household Supplies,24.43,2023-12-23,2024-01-25,2024-01-12,923
276,Pork Chop,Meat & Seafood,25.74,2024-10-09,2024-12-20,2024-11-29,266
277,Potato,Fruits & Vegetables,5.74,2024-09-02,2025-04-02,2024-12-21,217
278,Popcorn,Snacks,18.93,2024-04-22,2025-04-09,2024-06-14,49
279,Bagel,Bakery,28.21,2024-03-09,2024-04-19,2024-04-17,832
280,Eggs,Dairy & Eggs,45.64,2024-09-05,2025-05-27,2025-04-22,977
281,Tomato,Fruits & Vegetables,11.97,2023-12-17,2024-04-12,2024-03-01,123
282,Deodorant,Personal Care,39.45,2024-02-26,2024-05-22,2024-03-29,633
283,Soda,Beverages,17.88,2023-12-01,2024-05-21,2023-12-10,792
284,Eggs,Dairy & Eggs,6.67,2023-12-08,2024-08-30,2024-01-24,127
285,Muffin,Bakery,40.06,2024-11-04,2025-01-21,2025-01-16,578
286,Bottled Water,Beverages,6.15,2024-01-21,2024-06-04,2024-05-09,471
287,Ground Beef,Meat & Seafood,32.56,2024-07-08,2024-11-14,2024-08-31,336
288,Chicken Breast,Meat & Seafood,30.7,2024-04-06,2025-02-03,2024-05-28,991
289,Shrimp,Meat & Seafood,12.35,2024-08-25,2025-08-08,2025-05-27,338
290,Banana,Fruits & Vegetables,14.39,2024-05-17,2025-04-20,2024-06-25,433
291,Toothpaste,Personal Care,49.59,2024-08-08,2025-05-15,2025-04-21,161
292,Shrimp,Meat & Seafood,30.29,2024-02-25,2024-06-11,2024-05-23,807
293,Coffee,Beverages,36.27,2024-04-19,2024-07-06,2024-04-24,213
294,Shampoo,Personal Care,27.82,2024-05-30,2025-05-12,2024-06-09,378
295,Tea,Beverages,15.64,2024-09-30,2025-04-15,2025-04-14,189
296,Salmon Fillet,Meat & Seafood,42.87,2024-05-29,2024-11-28,2024-11-28,913
297,Coffee,Beverages,44.9,2024-04-01,2024-11-30,2024-11-11,353
298,Coffee,Beverages,42.18,2024-03-27,2024-09-10,2024-05-28,334
299,Paper Towels,Household Supplies,6.74,2024-06-22,2024-08-07,2024-07-27,205
300,Tea,Beverages,42.62,2024-06-17,2025-02-01,2024-07-03,420
301,Lettuce,Fruits & Vegetables,28.6,2023-11-29,2024-11-11,2024-11-07,822
302,Ground Beef,Meat & Seafood,4.54,2024-02-01,2025-01-03,2024-07-04,787
303,Shrimp,Meat & Seafood,19.74,2024-06-05,2025-03-06,2024-07-07,607
304,Tea,Beverages,37.42,2024-07-22,2024-11-30,2024-08-30,288
305,Salmon Fillet,Meat & Seafood,23.53,2023-11-30,2024-06-17,2024-05-09,33
306,Tea,Beverages,40.12,2024-07-30,2024-10-03,2024-09-22,351
307,Toothpaste,Personal Care,0.88,2024-08-22,2025-01-21,2024-12-02,768
308,Potato,Fruits & Vegetables,38.17,2024-06-10,2025-01-26,2024-07-03,809
309,Laundry Detergent,Household Supplies,2.1,2024-10-10,2025-06-17,2025-06-08,964
310,Bread Loaf,Bakery,49.54,2024-05-07,2024-08-19,2024-07-13,27
311,Yogurt,Dairy & Eggs,47.25,2024-10-30,2025-03-02,2024-12-13,664
312,Lotion,Personal Care,29.36,2024-10-07,2025-02-08,2024-12-30,741
313,Croissant,Bakery,20.77,2024-09-03,2025-06-23,2024-12-11,686
314,Trash Bags,Household Supplies,40.57,2024-02-08,2024-07-21,2024-06-25,427
315,Orange Juice,Beverages,36.34,2024-07-10,2025-01-25,2024-08-19,220
316,Chips,Snacks,11.43,2024-04-22,2024-11-13,2024-10-06,990
317,Lettuce,Fruits & Vegetables,31.89,2024-02-04,2025-01-18,2024-08-28,115
318,Trash Bags,Household Supplies,3.6,2024-11-26,2025-09-10,2025-02-01,246
319,Banana,Fruits & Vegetables,23.31,2024-04-30,2024-10-09,2024-05-30,327
320,Pork Chop,Meat & Seafood,8.5,2024-04-02,2024-05-20,2024-04-30,147
321,Pork Chop,Meat & Seafood,26.12,2024-01-24,2024-08-15,2024-07-29,355
322,Popcorn,Snacks,34.12,2024-09-28,2025-03-04,2024-11-24,108
323,Shrimp,Meat & Seafood,27.23,2024-05-19,2025-02-16,2024-06-21,620
324,Deodorant,Personal Care,46.15,2024-10-28,2025-03-28,2025-03-15,813
325,Soda,Beverages,38.58,2024-03-18,2024-04-19,2024-04-14,138
326,Cookies,Snacks,2.61,2024-02-27,2025-01-13,2024-05-18,426
327,Granola Bar,Snacks,44.78,2024-05-19,2025-03-04,2024-12-20,715
328,Cheese,Dairy & Eggs,35.71,2023-12-29,2024-06-11,2024-04-22,404
329,Coffee,Beverages,30.76,2024-01-30,2024-03-10,2024-02-19,424
330,Soda,Beverages,16.16,2024-02-05,2025-01-19,2024-07-25,469
331,Butter,Dairy & Eggs,14.09,2024-10-31,2025-09-20,2024-12-28,731
332,Dish Soap,Household Supplies,46.94,2024-11-28,2025-09-14,2025-09-08,381
333,Candy Bar,Snacks,7.7,2024-07-10,2024-12-11,2024-11-05,528
334,Bagel,Bakery,49.99,2024-03-26,2024-11-20,2024-10-07,530
335,Croissant,Bakery,21.42,2024-05-20,2024-08-01,2024-06-15,229
336,Toothpaste,Personal Care,37.19,2024-09-27,2025-01-07,2024-11-19,115
337,Laundry Detergent,Household Supplies,20.52,2024-03-24,2025-02-26,2024-08-27,809
338,Banana,Fruits & Vegetables,43.26,2024-06-05,2025-02-06,2024-10-25,872
339,Cookies,Snacks,29.66,2024-07-15,2025-03-13,2025-03-08,534
340,Candy Bar,Snacks,7.0,2024-03-05,2024-10-06,2024-09-03,957
341,Granola Bar,Snacks,3.47,2024-03-18,2024-05-16,2024-03-28,344
342,Popcorn,Snacks,12.59,2024-08-19,2024-10-12,2024-10-06,577
343,Chicken Breast,Meat & Seafood,13.95,2024-06-22,2025-06-08,2025-04-26,363
344,Ground Beef,Meat & Seafood,47.16,2024-08-30,2025-02-27,2024-09-18,197
345,Granola Bar,Snacks,46.72,2024-03-16,2024-04-19,2024-04-10,726
346,Coffee,Beverages,16.08,2024-06-14,2024-08-31,2024-07-20,277
347,Paper Towels,Household Supplies,17.87,2023-12-09,2024-10-17,2024-04-21,875
348,Carrot,Fruits & Vegetables,31.32,2024-09-02,2024-11-06,2024-10-07,835
349,Tea,Beverages,43.89,2024-07-02,2024-10-20,2024-07-06,767
350,Yogurt,Dairy & Eggs,45.43,2024-01-14,2024-02-28,2024-02-20,735
351,Milk,Dairy & Eggs,26.43,2024-04-17,2024-08-20,2024-06-02,369
352,Orange Juice,Beverages,31.39,2024-01-24,2024-03-15,2024-01-30,715
353,Milk,Dairy & Eggs,16.48,2024-06-28,2025-02-13,2024-07-21,989
354,Yogurt,Dairy & Eggs,42.9,2024-02-25,2024-11-01,2024-09-23,677
355,Soda,Beverages,30.15,2024-06-09,2025-02-15,2025-01-08,519
356,Soda,Beverages,31.81,2024-09-10,2025-01-14,2024-10-02,205
357,Cheese,Dairy & Eggs,9.01,2024-11-24,2025-10-06,2025-03-27,77
358,Cookies,Snacks,1.06,2024-01-14,2024-08-24,2024-07-23,240
359,Eggs,Dairy & Eggs,15.77,2024-01-31,2024-04-19,2024-04-14,464
360,Chicken Breast,Meat & Seafood,49.48,2023-12-02,2024-07-13,2024-06-08,468
361,Soda,Beverages,9.43,2024-03-18,2024-12-03,2024-09-01,532
362,Shampoo,Personal Care,44.78,2023-12-02,2024-10-18,2024-06-15,582
363,Bagel,Bakery,45.09,2024-07-13,2024-12-16,2024-09-12,580
364,Trash Bags,Household Supplies,14.46,2024-02-15,2024-06-19,2024-05-27,420
365,Shampoo,Personal Care,49.61,2024-03-04,2025-01-06,2024-03-14,786
366,Potato,Fruits & Vegetables,32.59,2023-12-12,2024-03-15,2024-02-24,998
367,Lettuce,Fruits & Vegetables,19.51,2024-05-07,2025-03-21,2025-03-19,24
368,Tomato,Fruits & Vegetables,23.65,2024-05-29,2025-03-25,2024-07-05,525
369,Potato,Fruits & Vegetables,41.29,2024-06-07,2024-10-24,2024-06-24,904
370,Cake,Bakery,44.48,2024-04-26,2024-08-23,2024-05-31,167
371,Milk,Dairy & Eggs,7.33,2024-03-09,2024-10-05,2024-07-24,370
372,Carrot,Fruits & Vegetables,47.95,2024-11-20,2025-02-26,2025-01-31,621
373,Cake,Bakery,27.9,2024-11-28,2025-08-03,2025-07-02,687
374,Trash Bags,Household Supplies,9.35,2024-10-28,2025-07-19,2025-03-26,85
375,Ground Beef,Meat & Seafood,25.43,2024-06-19,2024-08-25,2024-07-02,271
376,Butter,Dairy & Eggs,31.66,2024-10-24,2025-09-08,2025-06-21,87
377,Tea,Beverages,16.52,2024-11-25,2025-11-06,2025-04-24,625
378,Bread Loaf,Bakery,13.72,2024-07-26,2025-04-03,2024-08-03,345
379,Muffin,Bakery,33.32,2024-09-03,2025-01-24,2024-09-04,416
380,Tea,Beverages,22.07,2024-09-19,2025-08-08,2024-09-27,434
381,Bagel,Bakery,20.44,2024-02-13,2024-10-30,2024-05-28,723
382,Shrimp,Meat & Seafood,29.78,2024-09-29,2025-08-26,2024-11-05,168
383,Milk,Dairy & Eggs,36.05,2024-05-20,2024-12-06,2024-08-11,710
384,Cookies,Snacks,27.39,2024-09-01,2025-04-28,2025-03-18,474
385,Lotion,Personal Care,15.27,2024-08-27,2024-11-04,2024-09-25,88
386,Shampoo,Personal Care,0.95,2024-08-21,2025-03-17,2025-01-25,226
387,Chicken Breast,Meat & Seafood,22.21,2024-01-10,2024-09-16,2024-06-03,738
388,Paper Towels,Household Supplies,18.91,2024-01-21,2024-10-13,2024-05-08,781
389,Eggs,Dairy & Eggs,25.27,2024-10-17,2025-02-03,2025-01-01,389
390,Shampoo,Personal Care,31.92,2024-02-13,2024-08-25,2024-04-17,919
391,Croissant,Bakery,36.8,2024-08-30,2025-07-09,2025-06-21,286
392,Lotion,Personal Care,27.41,2024-06-19,2024-12-27,2024-07-13,306
393,Trash Bags,Household Supplies,31.49,2024-06-01,2025-03-17,2024-12-23,241
394,Eggs,Dairy & Eggs,41.06,2024-11-22,2025-03-28,2024-11-25,529
395,Popcorn,Snacks,20.73,2024-11-28,2025-09-22,2024-12-15,592
396,Candy Bar,Snacks,43.19,2024-05-17,2024-11-24,2024-08-15,23
397,Laundry Detergent,Household Supplies,0.65,2024-02-24,2024-11-11,2024-08-30,503
398,Soda,Beverages,49.55,2024-01-14,2024-02-22,2024-01-31,114
399,Cake,Bakery,46.56,2024-08-24,2025-07-13,2024-10-28,105
400,Shampoo,Personal Care,11.68,2024-11-20,2024-12-23,2024-12-06,358
401,Lotion,Personal Care,25.28,2024-01-30,2024-09-12,2024-08-15,696
402,Bread Loaf,Bakery,35.9,2024-11-26,2025-10-28,2025-09-30,539
403,Soap,Personal Care,13.58,2024-01-07,2024-09-05,2024-07-22,993
404,Lotion,Personal Care,2.09,2024-04-07,2025-01-11,2024-12-21,298
405,Tea,Beverages,16.99,2024-02-15,2024-11-13,2024-08-16,102
406,Ground Beef,Meat & Seafood,48.28,2023-12-04,2024-06-08,2024-06-05,899
407,Butter,Dairy & Eggs,4.91,2024-06-24,2024-12-08,2024-11-23,148
408,Cheese,Dairy & Eggs,49.83,2023-12-13,2024-10-15,2024-06-27,816
409,Lotion,Personal Care,18.01,2024-05-15,2025-01-11,2024-11-30,631
410,Shrimp,Meat & Seafood,40.03,2024-09-02,2024-10-29,2024-10-12,747
411,Paper Towels,Household Supplies,49.02,2024-10-06,2025-01-10,2024-11-06,962
412,Chips,Snacks,21.58,2024-01-08,2024-06-27,2024-06-22,964
413,Shrimp,Meat & Seafood,41.44,2024-05-10,2024-10-11,2024-07-24,384
414,Cookies,Snacks,7.11,2024-10-19,2025-10-19,2025-01-24,785
415,Tea,Beverages,39.4,2024-03-13,2024-10-24,2024-07-24,445
416,Paper Towels,Household Supplies,25.73,2023-12-22,2024-05-15,2023-12-27,42
417,Cookies,Snacks,14.62,2024-06-18,2024-10-22,2024-07-08,573
418,Soda,Beverages,41.69,2024-06-27,2024-12-05,2024-09-15,466
419,Shrimp,Meat & Seafood,44.38,2024-04-01,2024-10-30,2024-06-14,253
420,Bottled Water,Beverages,46.7,2024-02-03,2025-01-03,2024-03-20,588
421,Cheese,Dairy & Eggs,18.31,2024-09-03,2024-12-13,2024-10-05,254
422,Croissant,Bakery,48.8,2024-06-26,2025-01-10,2024-11-16,262
423,Soda,Beverages,12.84,2024-01-25,2024-06-19,2024-03-25,211
424,Chicken Breast,Meat & Seafood,45.03,2024-05-27,2024-12-24,2024-11-03,594
425,Popcorn,Snacks,14.7,2023-12-22,2024-07-29,2024-01-07,351
426,Paper Towels,Household Supplies,34.6,2023-12-27,2024-06-16,2024-01-02,171
427,Cookies,Snacks,4.73,2024-08-17,2024-11-22,2024-09-02,938
428,Milk,Dairy & Eggs,25.77,2024-08-02,2025-01-28,2024-12-10,984
429,Soda,Beverages,32.98,2024-03-10,2024-07-29,2024-05-10,613
430,Potato,Fruits & Vegetables,23.1,2024-06-09,2024-08-13,2024-07-21,845
431,Milk,Dairy & Eggs,42.12,2024-04-08,2024-08-15,2024-05-30,414
432,Dish Soap,Household Supplies,35.24,2024-09-15,2025-05-13,2025-03-31,18
433,Butter,Dairy & Eggs,5.57,2024-06-11,2024-09-23,2024-08-11,498
434,Cake,Bakery,39.36,2024-04-11,2024-07-30,2024-06-09,278
435,Tea,Beverages,31.81,2024-11-19,2025-04-14,2024-12-10,514
436,Chips,Snacks,0.83,2024-08-11,2024-10-16,2024-08-17,339
437,Pork Chop,Meat & Seafood,21.13,2024-07-14,2025-06-13,2024-08-11,221
438,Cheese,Dairy & Eggs,29.81,2024-08-31,2025-01-21,2024-11-02,456
439,Soap,Personal Care,2.03,2024-11-04,2025-07-27,2025-05-07,194
440,Candy Bar,Snacks,27.12,2024-04-09,2025-01-18,2024-05-24,804
441,Salmon Fillet,Meat & Seafood,23.9,2024-06-08,2024-10-31,2024-07-05,504
442,Bagel,Bakery,33.66,2024-03-31,2025-01-18,2024-12-06,187
443,Candy Bar,Snacks,38.12,2024-10-07,2025-05-26,2025-04-21,443
444,Coffee,Beverages,4.23,2024-11-02,2025-05-24,2024-12-11,428
445,Dish Soap,Household Supplies,34.82,2024-08-15,2024-11-22,2024-11-14,685
446,Coffee,Beverages,46.56,2024-06-24,2024-09-06,2024-08-23,87
447,Lettuce,Fruits & Vegetables,17.39,2024-04-03,2024-09-23,2024-07-24,469
448,Dish Soap,Household Supplies,28.95,2024-10-16,2025-08-17,2024-10-19,670
449,Trash Bags,Household Supplies,42.05,2024-01-09,2024-03-23,2024-02-22,380
450,Trash Bags,Household Supplies,43.23,2024-10-06,2024-12-07,2024-11-11,554
451,Deodorant,Personal Care,11.07,2024-04-13,2024-07-07,2024-06-04,541
452,Tea,Beverages,43.37,2024-09-08,2025-07-13,2025-06-12,643
453,Carrot,Fruits & Vegetables,18.75,2024-07-27,2024-09-16,2024-09-11,772
454,Tomato,Fruits & Vegetables,39.75,2024-04-18,2024-08-14,2024-07-31,258
455,Laundry Detergent,Household Supplies,12.86,2024-11-09,2025-02-13,2024-11-29,316
456,Tea,Beverages,48.62,2023-12-15,2024-08-17,2024-05-16,753
457,Laundry Detergent,Household Supplies,0.96,2024-08-17,2025-02-14,2024-12-20,178
458,Soap,Personal Care,15.64,2024-05-04,2024-06-13,2024-05-24,435
459,Muffin,Bakery,36.35,2024-02-19,2024-05-24,2024-04-18,812
460,Bread Loaf,Bakery,15.41,2024-06-11,2025-02-27,2025-02-23,819
461,Shampoo,Personal Care,34.72,2024-07-06,2025-05-05,2025-02-20,55
462,Paper Towels,Household Supplies,17.91,2024-08-04,2025-06-15,2025-05-15,573
463,Cheese,Dairy & Eggs,24.6,2024-02-16,2024-04-15,2024-03-27,20
464,Coffee,Beverages,38.95,2024-09-13,2025-04-07,2024-09-20,93
465,Pork Chop,Meat & Seafood,4.42,2023-12-22,2024-08-18,2024-01-25,516
466,Tea,Beverages,5.3,2024-03-31,2024-10-04,2024-08-08,466
467,Shampoo,Personal Care,31.45,2024-05-11,2024-11-18,2024-11-12,376
468,Laundry Detergent,Household Supplies,44.95,2024-03-03,2024-09-27,2024-03-17,504
469,Deodorant,Personal Care,37.41,2024-09-23,2025-07-15,2025-01-26,861
470,Shampoo,Personal Care,22.27,2024-09-06,2024-12-09,2024-10-08,841
471,Paper Towels,Household Supplies,23.76,2024-01-28,2025-01-18,2024-05-29,920
472,Trash Bags,Household Supplies,11.93,2023-12-15,2024-12-08,2024-05-05,286
473,Cheese,Dairy & Eggs,47.32,2024-01-26,2024-03-09,2024-02-04,51
474,Potato,Fruits & Vegetables,38.56,2024-11-06,2025-03-24,2024-12-09,711
475,Orange Juice,Beverages,45.78,2024-07-03,2024-08-13,2024-08-04,283
476,Shampoo,Personal Care,38.97,2024-04-09,2024-07-01,2024-04-29,580
477,Chips,Snacks,28.63,2024-11-26,2025-02-03,2024-11-30,401
478,Lotion,Personal Care,17.8,2024-03-30,2025-02-28,2024-11-10,84
479,Eggs,Dairy & Eggs,18.87,2024-10-14,2025-08-26,2025-08-08,750
480,Tomato,Fruits & Vegetables,37.86,2024-07-03,2025-03-03,2024-07-20,505
481,Cake,Bakery,21.12,2024-08-22,2024-10-30,2024-08-25,919
482,Cookies,Snacks,41.91,2024-02-08,2024-10-23,2024-10-21,791
483,Bottled Water,Beverages,44.73,2024-03-02,2024-04-17,2024-04-05,204
484,Banana,Fruits & Vegetables,29.28,2024-01-09,2024-04-02,2024-02-02,260
485,Chips,Snacks,8.79,2024-04-01,2024-11-18,2024-08-14,246
486,Candy Bar,Snacks,23.6,2024-05-11,2024-10-14,2024-08-27,954
487,Soda,Beverages,18.36,2023-12-10,2024-08-29,2024-01-09,991
488,Laundry Detergent,Household Supplies,13.41,2024-08-18,2025-03-10,2025-02-09,390
489,Cake,Bakery,2.92,2024-11-20,2025-03-07,2025-02-19,221
490,Salmon Fillet,Meat & Seafood,1.52,2024-09-04,2025-03-19,2024-12-01,456
491,Apple,Fruits & Vegetables,18.82,2024-03-09,2024-09-05,2024-04-15,751
492,Butter,Dairy & Eggs,39.24,2024-06-11,2025-04-15,2024-07-10,751
493,Granola Bar,Snacks,36.47,2024-07-31,2024-09-05,2024-08-21,890
494,Bagel,Bakery,8.51,2024-06-15,2024-11-24,2024-09-13,133
495,Eggs,Dairy & Eggs,7.45,2024-11-14,2025-04-07,2024-11-17,576
496,Orange Juice,Beverages,20.66,2024-02-19,2025-01-05,2024-05-16,386
497,Granola Bar,Snacks,36.83,2024-01-04,2024-05-09,2024-02-14,371
498,Bagel,Bakery,5.39,2024-11-21,2025-08-05,2025-01-07,438
499,Granola Bar,Snacks,42.78,2023-12-28,2024-11-14,2024-10-19,614
500,Lettuce,Fruits & Vegetables,33.18,2024-07-28,2024-11-10,2024-10-26,283
501,Lotion,Personal Care,31.39,2024-02-01,2024-07-15,2024-06-06,937
502,Popcorn,Snacks,1.9,2024-06-18,2024-12-20,2024-11-30,804
503,Muffin,Bakery,12.68,2024-05-28,2025-04-13,2025-02-05,137
504,Potato,Fruits & Vegetables,14.46,2024-04-06,2025-03-03,2024-11-08,133
505,Coffee,Beverages,2.92,2024-06-01,2025-02-13,2024-10-27,925
506,Coffee,Beverages,40.43,2024-04-27,2024-05-31,2024-05-31,700
507,Croissant,Bakery,11.28,2024-02-27,2024-12-27,2024-06-07,677
508,Butter,Dairy & Eggs,4.68,2023-12-16,2024-10-23,2024-01-11,593
509,Cookies,Snacks,36.21,2024-03-25,2025-03-24,2024-12-09,539
510,Dish Soap,Household Supplies,45.24,2024-03-08,2024-08-06,2024-07-27,834
511,Muffin,Bakery,25.44,2024-07-16,2025-02-27,2024-11-09,314
512,Muffin,Bakery,8.56,2024-08-17,2025-06-24,2025-01-31,405
513,Chicken Breast,Meat & Seafood,24.13,2024-03-02,2024-04-26,2024-04-02,229
514,Deodorant,Personal Care,6.69,2024-01-19,2024-04-18,2024-01-24,278
515,Cheese,Dairy & Eggs,11.68,2024-07-27,2024-11-06,2024-10-17,844
516,Lotion,Personal Care,39.63,2024-08-19,2025-08-08,2024-08-23,554
517,Bottled Water,Beverages,49.06,2024-09-02,2024-12-02,2024-11-20,390
518,Shrimp,Meat & Seafood,16.99,2024-05-02,2025-01-03,2024-06-19,916
519,Apple,Fruits & Vegetables,18.27,2024-03-26,2024-04-29,2024-04-20,979
520,Bottled Water,Beverages,30.93,2024-03-16,2024-08-26,2024-04-25,897
521,Salmon Fillet,Meat & Seafood,15.61,2024-02-27,2024-08-03,2024-03-28,696
522,Laundry Detergent,Household Supplies,2.64,2024-09-08,2025-03-23,2024-11-06,911
523,Cheese,Dairy & Eggs,18.19,2024-04-26,2024-10-10,2024-05-24,920
524,Paper Towels,Household Supplies,11.63,2024-03-30,2024-08-25,2024-07-14,123
525,Chips,Snacks,19.52,2024-11-06,2025-06-02,2025-05-01,347
526,Lotion,Personal Care,16.58,2024-07-26,2025-04-24,2025-03-24,705
527,Shampoo,Personal Care,19.49,2024-07-17,2025-05-08,2024-10-12,65
528,Soda,Beverages,32.11,2024-07-28,2024-09-07,2024-07-29,918
529,Banana,Fruits & Vegetables,23.42,2024-09-09,2024-10-25,2024-10-13,305
530,Milk,Dairy & Eggs,28.7,2023-12-30,2024-12-20,2024-03-01,532
531,Shampoo,Personal Care,1.36,2024-04-13,2024-09-27,2024-04-27,727
532,Carrot,Fruits & Vegetables,30.1,2023-11-30,2024-06-05,2024-03-20,932
533,Cookies,Snacks,36.56,2024-11-15,2025-01-09,2024-11-24,203
534,Chips,Snacks,2.07,2024-08-29,2025-06-28,2024-10-24,360
535,Potato,Fruits & Vegetables,27.75,2024-06-23,2024-11-22,2024-10-07,791
536,Yogurt,Dairy & Eggs,47.13,2024-04-09,2024-05-24,2024-04-17,891
537,Paper Towels,Household Supplies,17.26,2024-05-18,2024-12-02,2024-11-24,661
538,Yogurt,Dairy & Eggs,1.18,2024-06-01,2025-01-20,2024-11-13,692
539,Cheese,Dairy & Eggs,42.96,2024-05-18,2024-11-15,2024-07-26,52
540,Eggs,Dairy & Eggs,21.94,2024-06-11,2025-01-07,2024-08-28,708
541,Granola Bar,Snacks,34.96,2024-02-15,2024-06-30,2024-04-30,303
542,Muffin,Bakery,25.53,2024-07-15,2025-01-21,2024-10-16,143
543,Soap,Personal Care,33.6,2024-05-03,2024-12-29,2024-09-20,31
544,Cookies,Snacks,18.79,2024-08-24,2024-12-05,2024-09-12,476
545,Bottled Water,Beverages,30.26,2024-01-29,2024-06-25,2024-03-09,302
546,Banana,Fruits & Vegetables,2.14,2023-12-02,2024-01-23,2024-01-11,121
547,Chips,Snacks,16.63,2024-04-25,2025-03-05,2024-06-29,175
548,Carrot,Fruits & Vegetables,6.51,2024-11-04,2025-02-24,2025-01-25,571
549,Granola Bar,Snacks,1.98,2024-01-29,2024-06-02,2024-04-22,6
550,Coffee,Beverages,17.34,2024-02-26,2024-12-24,2024-09-05,729
551,Tomato,Fruits & Vegetables,39.3,2024-02-07,2024-06-06,2024-02-08,873
552,Candy Bar,Snacks,22.41,2024-08-02,2025-04-01,2024-08-23,287
553,Bread Loaf,Bakery,47.26,2024-11-08,2025-06-08,2025-03-17,987
554,Croissant,Bakery,33.87,2024-07-16,2024-11-08,2024-08-13,740
555,Salmon Fillet,Meat & Seafood,31.58,2024-05-30,2025-05-05,2024-08-25,264
556,Soda,Beverages,34.06,2024-06-29,2025-02-18,2025-01-23,224
557,Bagel,Bakery,27.05,2024-05-29,2024-09-18,2024-07-28,86
558,Lotion,Personal Care,41.15,2024-05-09,2024-08-15,2024-08-14,363
559,Bread Loaf,Bakery,29.53,2024-10-15,2025-03-03,2024-12-11,142
560,Butter,Dairy & Eggs,47.2,2024-04-02,2024-09-19,2024-07-21,403
561,Chicken Breast,Meat & Seafood,41.76,2024-04-02,2024-10-23,2024-09-05,101
562,Coffee,Beverages,43.13,2024-02-26,2024-08-13,2024-03-19,134
563,Pork Chop,Meat & Seafood,40.6,2024-01-09,2024-05-31,2024-05-07,16
564,Trash Bags,Household Supplies,37.23,2024-02-15,2024-11-04,2024-10-04,238
565,Bread Loaf,Bakery,32.35,2024-03-08,2024-04-28,2024-03-12,514
566,Eggs,Dairy & Eggs,15.23,2023-12-18,2024-10-06,2024-07-23,903
567,Laundry Detergent,Household Supplies,18.38,2024-03-02,2024-10-09,2024-06-26,577
568,Lotion,Personal Care,41.73,2024-03-29,2024-07-20,2024-05-24,685
569,Soda,Beverages,15.95,2024-05-21,2024-11-14,2024-09-04,769
570,Yogurt,Dairy & Eggs,7.14,2024-05-08,2025-05-06,2025-01-31,662
571,Soda,Beverages,17.2,2024-01-02,2024-08-25,2024-04-07,818
572,Tomato,Fruits & Vegetables,37.82,2024-10-09,2024-11-14,2024-11-04,606
573,Soap,Personal Care,9.55,2024-08-18,2025-08-06,2025-03-08,913
574,Tea,Beverages,39.88,2024-07-27,2024-08-26,2024-08-04,229
575,Bread Loaf,Bakery,7.0,2024-06-03,2025-02-20,2024-10-16,556
576,Paper Towels,Household Supplies,32.13,2024-04-05,2024-08-04,2024-04-18,928
577,Muffin,Bakery,0.53,2024-02-24,2024-09-20,2024-05-03,862
578,Milk,Dairy & Eggs,1.48,2024-09-12,2025-07-31,2024-09-29,201
579,Tea,Beverages,7.37,2024-02-25,2024-08-26,2024-07-31,193
580,Trash Bags,Household Supplies,17.84,2024-09-20,2025-07-30,2024-10-09,811
581,Lotion,Personal Care,27.37,2024-08-04,2025-07-15,2024-08-31,201
582,Carrot,Fruits & Vegetables,23.64,2024-10-10,2025-04-19,2024-11-17,98
583,Cake,Bakery,26.14,2023-12-31,2024-09-11,2024-08-28,871
584,Bottled Water,Beverages,14.42,2024-07-11,2024-10-21,2024-08-24,532
585,Laundry Detergent,Household Supplies,25.91,2024-03-22,2024-11-25,2024-04-11,500
586,Banana,Fruits & Vegetables,4.18,2024-09-03,2025-02-10,2024-10-08,660
587,Carrot,Fruits & Vegetables,32.7,2024-05-22,2025-03-03,2024-10-29,316
588,Bottled Water,Beverages,13.23,2024-09-01,2024-12-29,2024-09-02,672
589,Eggs,Dairy & Eggs,33.92,2023-11-29,2024-11-01,2024-03-29,209
590,Bread Loaf,Bakery,47.06,2024-08-10,2024-11-18,2024-10-06,775
591,Laundry Detergent,Household Supplies,12.63,2024-09-09,2025-03-06,2024-10-26,342
592,Orange Juice,Beverages,28.87,2024-01-30,2025-01-10,2024-04-12,661
593,Tomato,Fruits & Vegetables,2.77,2024-03-25,2025-01-03,2024-12-05,922
594,Lettuce,Fruits & Vegetables,17.0,2024-05-16,2025-05-12,2024-10-12,544
595,Butter,Dairy & Eggs,19.88,2024-11-01,2025-02-19,2025-02-17,665
596,Milk,Dairy & Eggs,35.22,2024-03-28,2024-06-15,2024-05-18,92
597,Lettuce,Fruits & Vegetables,15.26,2024-04-11,2024-10-26,2024-04-19,308
598,Orange Juice,Beverages,27.26,2024-11-26,2025-05-30,2025-05-15,54
599,Shrimp,Meat & Seafood,31.33,2024-03-31,2025-01-12,2024-06-29,918
600,Paper Towels,Household Supplies,33.49,2024-04-12,2025-01-29,2025-01-28,578
601,Paper Towels,Household Supplies,38.16,2024-07-12,2025-02-07,2024-07-18,68
602,Potato,Fruits & Vegetables,48.07,2024-05-07,2024-09-09,2024-09-03,222
603,Tomato,Fruits & Vegetables,1.98,2024-03-26,2024-12-05,2024-09-23,896
604,Paper Towels,Household Supplies,5.63,2024-04-01,2024-12-19,2024-04-09,326
605,Tea,Beverages,20.42,2024-07-18,2024-08-23,2024-08-11,839
606,Ground Beef,Meat & Seafood,7.59,2024-06-29,2025-04-07,2024-07-23,855
607,Soda,Beverages,9.73,2024-04-04,2024-08-10,2024-06-06,775
608,Banana,Fruits & Vegetables,6.09,2024-05-19,2024-08-26,2024-07-29,154
609,Popcorn,Snacks,18.9,2024-05-02,2024-07-02,2024-06-01,367
610,Apple,Fruits & Vegetables,47.0,2023-12-31,2024-06-28,2024-04-29,741
611,Soda,Beverages,16.09,2024-08-01,2025-07-31,2025-02-26,758
612,Eggs,Dairy & Eggs,22.29,2024-08-19,2024-11-17,2024-10-25,873
613,Shampoo,Personal Care,47.84,2024-01-14,2024-05-09,2024-04-01,456
614,Carrot,Fruits & Vegetables,40.1,2024-08-02,2024-10-09,2024-09-24,346
615,Orange Juice,Beverages,25.62,2024-07-18,2024-11-15,2024-11-09,395
616,Cake,Bakery,6.88,2024-02-29,2024-05-29,2024-04-08,320
617,Cake,Bakery,10.14,2023-12-08,2024-10-16,2024-10-03,991
618,Lettuce,Fruits & Vegetables,40.75,2024-11-11,2025-06-14,2025-06-11,770
619,Potato,Fruits & Vegetables,27.63,2024-09-27,2025-01-21,2024-11-18,561
620,Orange Juice,Beverages,4.06,2024-04-09,2024-05-21,2024-05-05,787
621,Pork Chop,Meat & Seafood,17.99,2023-12-24,2024-01-28,2024-01-24,926
622,Potato,Fruits & Vegetables,44.4,2024-08-30,2025-02-03,2024-11-12,246
623,Milk,Dairy & Eggs,14.22,2023-12-26,2024-08-12,2024-03-14,767
624,Cake,Bakery,32.04,2024-09-19,2025-03-27,2025-01-17,212
625,Soda,Beverages,42.92,2024-09-04,2025-05-01,2025-04-14,120
626,Pork Chop,Meat & Seafood,25.83,2024-02-17,2024-10-05,2024-04-02,344
627,Soap,Personal Care,11.41,2024-05-28,2024-10-11,2024-09-03,200
628,Yogurt,Dairy & Eggs,2.69,2024-05-29,2025-03-07,2024-10-31,22
629,Paper Towels,Household Supplies,2.85,2023-12-02,2024-07-31,2024-04-09,706
630,Dish Soap,Household Supplies,2.78,2024-10-09,2025-08-02,2024-10-10,701
631,Coffee,Beverages,2.23,2024-05-27,2024-12-26,2024-07-15,350
632,Orange Juice,Beverages,29.01,2024-07-31,2024-10-05,2024-09-06,949
633,Muffin,Bakery,40.64,2024-02-04,2024-08-06,2024-03-01,802
634,Eggs,Dairy & Eggs,45.77,2024-06-23,2024-12-26,2024-12-15,574
635,Orange Juice,Beverages,39.82,2024-01-07,2024-07-19,2024-02-21,20
636,Lotion,Personal Care,4.86,2023-12-10,2024-02-20,2024-02-15,993
637,Soda,Beverages,36.64,2024-04-10,2024-07-02,2024-06-16,788
638,Soap,Personal Care,32.52,2024-07-12,2025-03-05,2025-02-15,242
639,Lettuce,Fruits & Vegetables,44.88,2024-04-19,2024-08-17,2024-07-01,595
640,Paper Towels,Household Supplies,46.37,2024-04-19,2024-09-14,2024-08-18,499
641,Bottled Water,Beverages,7.22,2024-02-26,2024-03-29,2024-03-13,6
642,Dish Soap,Household Supplies,10.39,2024-04-26,2024-06-20,2024-06-14,249
643,Soda,Beverages,39.71,2024-09-20,2025-04-23,2024-10-26,585
644,Eggs,Dairy & Eggs,4.81,2024-02-03,2024-08-25,2024-02-22,320
645,Chips,Snacks,10.13,2024-05-01,2024-12-01,2024-11-10,76
646,Eggs,Dairy & Eggs,9.89,2024-06-18,2024-12-17,2024-07-11,293
647,Soap,Personal Care,45.29,2024-10-05,2025-07-16,2025-06-19,988
648,Apple,Fruits & Vegetables,12.37,2023-12-08,2024-09-03,2023-12-17,318
649,Deodorant,Personal Care,6.38,2024-10-11,2025-08-30,2025-03-05,165
650,Laundry Detergent,Household Supplies,6.85,2024-10-26,2025-06-12,2025-02-05,209
651,Milk,Dairy & Eggs,28.84,2024-09-17,2025-07-29,2025-02-14,767
652,Trash Bags,Household Supplies,49.69,2024-10-15,2025-08-05,2024-12-23,457
653,Tomato,Fruits & Vegetables,41.93,2024-09-30,2025-04-02,2025-03-18,267
654,Shrimp,Meat & Seafood,27.29,2024-11-26,2025-09-27,2025-02-05,711
655,Deodorant,Personal Care,13.44,2024-05-11,2024-12-22,2024-12-21,963
656,Coffee,Beverages,33.81,2024-04-14,2024-06-17,2024-05-17,221
657,Muffin,Bakery,2.09,2024-01-31,2024-09-16,2024-07-30,530
658,Salmon Fillet,Meat & Seafood,24.4,2024-01-10,2024-08-26,2024-08-02,995
659,Cake,Bakery,22.21,2024-07-20,2024-09-14,2024-08-25,846
660,Granola Bar,Snacks,40.75,2024-03-16,2024-07-08,2024-05-21,212
661,Deodorant,Personal Care,11.11,2024-03-14,2025-01-31,2024-09-04,301
662,Chicken Breast,Meat & Seafood,6.97,2024-05-25,2025-04-29,2024-11-13,452
663,Lettuce,Fruits & Vegetables,32.69,2024-06-02,2024-12-22,2024-10-27,535
664,Dish Soap,Household Supplies,7.28,2024-10-29,2025-06-22,2025-03-12,726
665,Eggs,Dairy & Eggs,26.18,2024-09-10,2025-06-15,2025-02-03,57
666,Pork Chop,Meat & Seafood,4.98,2024-07-08,2024-11-10,2024-08-13,112
667,Cheese,Dairy & Eggs,37.85,2024-03-04,2025-01-01,2024-04-06,902
668,Soda,Beverages,12.03,2024-01-26,2024-06-13,2024-02-01,415
669,Chips,Snacks,29.36,2024-10-08,2025-04-03,2024-12-13,479
670,Bottled Water,Beverages,24.03,2024-10-07,2025-05-13,2024-12-09,971
671,Granola Bar,Snacks,40.86,2024-11-24,2025-10-08,2025-08-17,135
672,Dish Soap,Household Supplies,13.99,2024-08-14,2025-01-18,2024-09-26,926
673,Ground Beef,Meat & Seafood,3.1,2024-01-07,2024-12-17,2024-08-31,16
674,Muffin,Bakery,6.36,2024-05-30,2025-01-31,2024-10-12,613
675,Bread Loaf,Bakery,21.8,2024-08-23,2025-04-06,2024-08-28,111
676,Apple,Fruits & Vegetables,1.56,2024-11-02,2025-10-17,2024-11-04,620
677,Croissant,Bakery,31.68,2024-07-14,2025-05-25,2025-02-21,496
678,Tomato,Fruits & Vegetables,45.07,2024-11-22,2025-02-07,2024-11-24,700
679,Paper Towels,Household Supplies,45.47,2024-10-30,2025-03-16,2024-12-28,21
680,Toothpaste,Personal Care,8.73,2024-10-07,2025-02-04,2024-10-12,432
681,Granola Bar,Snacks,44.71,2024-06-18,2024-07-27,2024-06-22,319
682,Apple,Fruits & Vegetables,48.04,2024-07-29,2025-07-17,2025-07-02,112
683,Cake,Bakery,46.14,2023-12-08,2024-03-24,2024-03-04,414
684,Tomato,Fruits & Vegetables,36.37,2024-02-24,2024-07-25,2024-03-16,834
685,Chicken Breast,Meat & Seafood,42.84,2024-04-14,2024-11-03,2024-05-17,122
686,Lotion,Personal Care,44.52,2024-09-22,2025-02-11,2025-02-07,427
687,Cheese,Dairy & Eggs,4.27,2024-02-13,2024-10-05,2024-09-30,735
688,Yogurt,Dairy & Eggs,3.92,2024-05-12,2024-07-22,2024-06-15,86
689,Milk,Dairy & Eggs,7.19,2024-02-19,2024-05-18,2024-03-07,395
690,Milk,Dairy & Eggs,14.23,2024-11-12,2025-02-16,2025-01-21,684
691,Dish Soap,Household Supplies,33.7,2024-06-10,2025-04-20,2024-06-19,914
692,Potato,Fruits & Vegetables,8.26,2024-09-06,2024-12-07,2024-09-18,524
693,Shrimp,Meat & Seafood,22.48,2024-10-04,2025-09-15,2024-11-05,81
694,Paper Towels,Household Supplies,22.92,2024-02-01,2024-10-03,2024-08-09,907
695,Candy Bar,Snacks,46.04,2024-05-06,2024-08-13,2024-05-17,122
696,Shrimp,Meat & Seafood,21.54,2024-06-12,2025-05-14,2025-04-17,862
697,Tea,Beverages,38.03,2024-02-24,2024-12-10,2024-03-26,291
698,Tomato,Fruits & Vegetables,1.25,2024-08-15,2025-06-25,2025-05-10,901
699,Apple,Fruits & Vegetables,43.75,2024-10-03,2025-06-11,2025-05-24,187
700,Cake,Bakery,8.38,2024-04-24,2024-07-20,2024-06-24,359
701,Orange Juice,Beverages,28.31,2024-01-05,2024-07-13,2024-07-03,715
702,Cookies,Snacks,23.36,2024-06-07,2024-10-03,2024-08-24,946
703,Lettuce,Fruits & Vegetables,19.81,2024-05-18,2024-08-12,2024-05-23,802
704,Pork Chop,Meat & Seafood,30.42,2024-02-08,2024-06-21,2024-03-03,514
705,Tea,Beverages,25.74,2024-10-11,2025-09-04,2025-04-07,802
706,Yogurt,Dairy & Eggs,16.14,2024-08-16,2025-05-27,2025-05-21,326
707,Apple,Fruits & Vegetables,7.52,2024-05-20,2024-10-10,2024-07-04,231
708,Popcorn,Snacks,5.59,2023-12-01,2024-09-26,2024-02-26,776
709,Pork Chop,Meat & Seafood,1.52,2024-08-06,2025-06-23,2024-08-22,852
710,Coffee,Beverages,20.41,2024-10-11,2025-01-18,2024-12-18,153
711,Laundry Detergent,Household Supplies,42.46,2024-11-18,2025-05-10,2025-02-10,211
712,Butter,Dairy & Eggs,32.29,2024-02-10,2024-06-18,2024-05-18,787
713,Yogurt,Dairy & Eggs,39.75,2024-08-07,2025-07-05,2024-09-23,182
714,Banana,Fruits & Vegetables,0.51,2024-03-23,2024-05-31,2024-05-07,851
715,Laundry Detergent,Household Supplies,46.61,2024-06-07,2025-04-10,2024-12-11,908
716,Lettuce,Fruits & Vegetables,45.78,2024-06-23,2024-09-16,2024-09-06,121
717,Popcorn,Snacks,19.79,2024-07-08,2025-01-30,2024-12-11,313
718,Pork Chop,Meat & Seafood,7.09,2023-12-08,2024-11-06,2024-07-23,32
719,Deodorant,Personal Care,15.77,2024-11-25,2025-05-26,2025-05-19,721
720,Soda,Beverages,7.89,2024-05-27,2024-07-28,2024-06-09,706
721,Paper Towels,Household Supplies,19.74,2024-10-22,2025-07-10,2025-05-31,566
722,Soap,Personal Care,41.52,2024-11-06,2025-04-21,2025-01-14,250
723,Bottled Water,Beverages,4.73,2024-09-16,2025-07-07,2025-01-10,678
724,Lettuce,Fruits & Vegetables,32.06,2023-12-05,2024-07-29,2024-02-26,428
725,Orange Juice,Beverages,41.1,2024-03-03,2024-07-08,2024-04-14,650
726,Carrot,Fruits & Vegetables,22.28,2024-02-10,2024-07-28,2024-04-11,620
727,Butter,Dairy & Eggs,14.87,2024-03-24,2024-10-28,2024-06-13,144
728,Bagel,Bakery,16.44,2024-02-16,2024-07-25,2024-04-07,882
729,Toothpaste,Personal Care,49.09,2024-08-23,2024-11-08,2024-10-24,221
730,Bottled Water,Beverages,44.58,2024-07-09,2025-02-25,2024-09-07,736
731,Muffin,Bakery,38.63,2024-08-16,2024-10-25,2024-10-14,30
732,Soap,Personal Care,33.87,2024-05-24,2024-08-08,2024-08-07,150
733,Deodorant,Personal Care,27.48,2024-03-27,2024-09-08,2024-08-03,451
734,Trash Bags,Household Supplies,30.72,2024-10-30,2025-10-12,2025-02-06,688
735,Pork Chop,Meat & Seafood,14.23,2024-05-10,2024-06-30,2024-05-17,388
736,Apple,Fruits & Vegetables,8.99,2024-03-28,2025-03-27,2024-05-27,771
737,Deodorant,Personal Care,42.0,2024-07-31,2024-10-10,2024-08-05,323
738,Candy Bar,Snacks,39.73,2024-08-11,2025-07-26,2024-11-25,818
739,Bagel,Bakery,13.12,2024-07-09,2024-09-25,2024-08-05,323
740,Soap,Personal Care,15.37,2023-12-01,2024-04-14,2023-12-17,488
741,Eggs,Dairy & Eggs,38.62,2024-05-17,2025-03-09,2025-01-30,497
742,Pork Chop,Meat & Seafood,11.94,2024-04-02,2024-08-12,2024-06-29,363
743,Bottled Water,Beverages,17.59,2024-02-21,2024-08-19,2024-05-28,156
744,Butter,Dairy & Eggs,12.42,2024-02-19,2024-09-18,2024-07-11,871
745,Yogurt,Dairy & Eggs,45.43,2023-12-22,2024-08-12,2024-07-15,338
746,Shrimp,Meat & Seafood,42.56,2024-02-13,2024-06-29,2024-04-19,308
747,Milk,Dairy & Eggs,11.43,2024-05-20,2024-06-27,2024-06-01,916
748,Banana,Fruits & Vegetables,34.18,2024-04-02,2024-09-29,2024-09-17,633
749,Muffin,Bakery,16.74,2024-10-27,2024-12-04,2024-11-04,398
750,Pork Chop,Meat & Seafood,29.31,2024-02-05,2025-01-08,2024-08-28,140
751,Soap,Personal Care,37.21,2024-02-11,2024-08-31,2024-08-12,82
752,Ground Beef,Meat & Seafood,6.22,2024-04-17,2024-11-15,2024-05-12,939
753,Candy Bar,Snacks,28.27,2024-07-22,2024-09-18,2024-09-09,259
754,Cheese,Dairy & Eggs,39.37,2023-12-11,2024-12-03,2024-02-12,910
755,Eggs,Dairy & Eggs,43.32,2024-06-17,2025-01-10,2024-06-27,627
756,Granola Bar,Snacks,1.36,2023-12-22,2024-05-24,2024-05-06,438
757,Cheese,Dairy & Eggs,32.14,2024-01-15,2024-02-17,2024-02-05,302
758,Bread Loaf,Bakery,11.99,2023-12-14,2024-06-06,2024-01-11,472
759,Candy Bar,Snacks,35.79,2024-03-18,2024-07-29,2024-05-20,958
760,Muffin,Bakery,22.26,2024-04-02,2024-05-21,2024-04-14,492
761,Orange Juice,Beverages,6.77,2024-03-16,2024-05-17,2024-04-20,881
762,Toothpaste,Personal Care,48.1,2024-04-18,2024-07-10,2024-06-07,15
763,Coffee,Beverages,13.94,2024-04-08,2025-02-16,2024-09-12,63
764,Cheese,Dairy & Eggs,1.48,2023-12-17,2024-12-03,2024-07-28,392
765,Cake,Bakery,14.32,2024-08-30,2025-08-30,2024-12-06,460
766,Butter,Dairy & Eggs,34.66,2024-10-04,2025-10-01,2025-09-08,546
767,Tea,Beverages,8.96,2024-09-27,2025-05-09,2024-11-28,722
768,Butter,Dairy & Eggs,12.0,2024-02-08,2024-03-28,2024-03-27,203
769,Trash Bags,Household Supplies,21.88,2024-09-07,2024-11-19,2024-09-08,249
770,Cookies,Snacks,44.64,2024-10-30,2025-03-25,2024-12-06,567
771,Granola Bar,Snacks,25.57,2024-10-20,2024-12-25,2024-11-18,747
772,Banana,Fruits & Vegetables,18.67,2024-07-21,2025-07-19,2024-09-24,387
773,Cookies,Snacks,0.87,2024-08-18,2025-02-25,2024-10-21,166
774,Tea,Beverages,36.58,2024-07-22,2024-12-01,2024-08-07,348
775,Lotion,Personal Care,24.0,2024-08-24,2025-02-12,2024-10-01,850
776,Carrot,Fruits & Vegetables,1.91,2024-01-25,2024-09-29,2024-04-18,339
777,Milk,Dairy & Eggs,1.17,2024-03-09,2024-10-23,2024-03-17,293
778,Tomato,Fruits & Vegetables,26.39,2024-06-09,2024-09-24,2024-07-12,265
779,Milk,Dairy & Eggs,9.34,2024-02-09,2024-06-26,2024-04-13,531
780,Milk,Dairy & Eggs,19.67,2024-07-29,2025-04-05,2025-01-16,345
781,Chicken Breast,Meat & Seafood,3.38,2024-04-05,2025-01-08,2025-01-07,895
782,Lettuce,Fruits & Vegetables,4.46,2024-03-05,2024-09-18,2024-08-21,983
783,Coffee,Beverages,48.0,2024-06-29,2025-01-17,2025-01-17,264
784,Soap,Personal Care,11.0,2024-06-15,2024-12-11,2024-08-01,520
785,Granola Bar,Snacks,7.59,2024-05-11,2024-06-27,2024-05-26,308
786,Chicken Breast,Meat & Seafood,8.72,2024-10-13,2024-11-25,2024-11-15,182
787,Pork Chop,Meat & Seafood,9.25,2024-06-30,2025-03-24,2024-08-15,876
788,Ground Beef,Meat & Seafood,43.47,2023-12-29,2024-02-09,2024-01-16,209
789,Tea,Beverages,27.43,2024-02-23,2025-01-26,2024-07-27,722
790,Eggs,Dairy & Eggs,17.31,2024-08-08,2025-03-15,2025-01-27,263
791,Chicken Breast,Meat & Seafood,7.81,2024-02-21,2024-09-29,2024-05-10,969
792,Soap,Personal Care,19.34,2024-06-11,2024-10-07,2024-09-05,325
793,Orange Juice,Beverages,3.49,2024-02-15,2024-05-16,2024-05-03,842
794,Muffin,Bakery,5.42,2024-06-09,2025-04-11,2025-01-17,968
795,Banana,Fruits & Vegetables,38.96,2024-03-15,2024-06-09,2024-04-12,512
796,Muffin,Bakery,47.82,2024-07-16,2025-02-20,2024-11-25,747
797,Soap,Personal Care,15.39,2023-12-08,2024-01-24,2024-01-05,611
798,Muffin,Bakery,36.73,2024-04-03,2024-08-12,2024-06-09,361
799,Tomato,Fruits & Vegetables,31.25,2024-09-08,2024-12-22,2024-11-09,858
800,Orange Juice,Beverages,36.03,2024-04-05,2025-01-28,2024-05-25,797
